5.129089,-0.250809,0.0
3.503954,-9.714863,1.0
4.336710,4.475469,0.0
1.159682,-9.765746,1.0
3.692529,-8.361061,0.0
1.921504,-8.585920,1.0
1.449228,4.638875,0.0
6.617143,-8.704389,1.0
4.460349,0.658299,0.0
3.608221,-8.990568,1.0
3.933364,6.282990,0.0
0.110807,-9.300660,1.0
9.338506,-4.690847,0.0
7.859470,-8.767814,1.0
1.193928,3.053037,0.0
8.623882,-9.525269,1.0
6.011851,-6.765461,0.0
9.404067,-8.753328,1.0
2.720252,8.632029,0.0
9.213150,-8.373925,1.0
8.128855,-5.838812,0.0
0.017629,-8.113146,1.0
7.852856,-3.400964,0.0
7.896838,-9.352341,1.0
4.032131,6.245516,0.0
8.621493,-9.568690,1.0
3.450593,-1.163831,0.0
7.101293,-9.571504,1.0
5.774532,-4.135486,0.0
0.464254,-9.187003,1.0
6.778854,-4.831531,0.0
3.401642,-9.580562,1.0
8.328637,8.857677,0.0
0.622541,-9.088130,1.0
5.986866,-6.621654,0.0
8.345895,-7.164234,1.0
9.056707,2.525759,0.0
2.097698,-8.197810,1.0
4.715576,-0.096714,0.0
6.595530,-9.677432,1.0
1.352951,8.201653,0.0
2.197446,-9.257430,1.0
1.253788,-4.415924,0.0
9.767538,-9.095421,1.0
7.533428,-0.779422,0.0
7.499782,-7.346785,1.0
1.924180,9.423976,0.0
4.617249,-9.367459,1.0
7.047893,-1.531449,0.0
5.227648,-9.678490,1.0
2.070787,-1.940005,0.0
1.231575,-7.275863,1.0
5.243579,7.782258,0.0
2.324437,-7.956897,1.0
1.427030,-1.231805,0.0
5.818482,-9.630089,1.0
3.645943,4.999923,0.0
1.942804,-9.186800,1.0
8.200344,-2.957172,0.0
7.524227,-7.096919,1.0
0.283050,4.735193,0.0
8.625362,-8.060744,1.0
3.578671,3.784154,0.0
5.933397,-9.217668,1.0
8.828425,8.746636,0.0
3.005414,-9.400186,1.0
3.561783,-3.499412,0.0
7.047261,-9.006565,1.0
5.549050,-3.531470,0.0
2.080422,-8.304384,1.0
4.075202,-5.354698,0.0
5.574722,-8.696062,1.0
0.934262,-4.935246,0.0
5.958871,-9.776712,1.0
9.344613,0.316855,0.0
4.936202,-9.174706,1.0
5.715982,7.181361,0.0
6.910123,-7.467087,1.0
2.218039,7.313261,0.0
7.260676,-9.945484,1.0
4.143478,8.933948,0.0
9.924563,-9.359503,1.0
2.758683,0.843966,0.0
7.654016,-9.685982,1.0
2.309341,-3.106068,0.0
6.479636,-9.027297,1.0
4.040405,4.477555,0.0
8.172287,-9.509677,1.0
9.518872,-2.009043,0.0
0.531216,-7.555203,1.0
5.674740,1.166203,0.0
8.089859,-8.119938,1.0
7.333843,9.815331,0.0
7.017083,-8.167126,1.0
3.735791,5.135616,0.0
0.683249,-8.991847,1.0
0.073487,0.667982,0.0
0.930707,-9.280668,1.0
9.352993,1.917419,0.0
3.187092,-8.363031,1.0
8.452061,-1.801078,0.0
0.199036,-8.443062,1.0
4.865987,-3.980441,0.0
1.962446,-9.149645,1.0
9.695877,7.354791,0.0
1.039800,-8.226125,1.0
8.393956,4.722070,0.0
2.539332,-7.436575,1.0
1.628255,2.570475,0.0
9.986379,-9.680828,1.0
1.090393,2.840299,0.0
6.792490,-9.587315,1.0
9.967041,2.516663,0.0
9.420069,-9.069487,1.0
0.425783,2.651669,0.0
8.211581,-9.386979,1.0
3.503752,5.363695,0.0
8.220753,-8.140415,1.0
4.004236,8.474682,0.0
7.360215,-9.060491,1.0
4.445920,-4.110684,0.0
9.862272,-8.439458,1.0
6.784905,-1.591587,0.0
3.266120,-8.895665,1.0
8.523008,2.784552,0.0
3.670102,-8.976259,1.0
3.391188,1.816119,0.0
7.108196,-7.765253,1.0
4.392697,6.295590,0.0
1.567149,-7.278403,1.0
2.960577,7.000307,0.0
5.347197,-9.896656,1.0
9.689238,4.355173,0.0
7.047934,-8.612918,1.0
8.952654,4.784160,0.0
1.780465,-8.718507,1.0
3.498749,-2.407220,0.0
8.348316,-9.954816,1.0
1.339586,-0.612940,0.0
0.164285,-9.657712,1.0
6.141706,-2.051756,0.0
2.707057,-7.746442,1.0
1.817570,6.007006,0.0
1.320842,-7.182142,1.0
5.823154,9.520818,0.0
1.259619,-9.877280,1.0
5.189593,-6.164977,0.0
8.016783,-7.580770,1.0
3.349144,8.228252,0.0
7.492151,-9.827141,1.0
4.122122,-8.037908,0.0
3.340916,-9.766840,1.0
2.398596,-2.900758,0.0
2.607562,-8.409277,1.0
6.355443,2.282793,0.0
5.212830,-9.389105,1.0
4.390560,-4.935277,0.0
5.687766,-8.717406,1.0
5.176252,4.799772,0.0
6.090477,-9.207186,1.0
6.082625,-7.705858,0.0
7.706075,-8.199160,1.0
9.034194,5.625642,0.0
5.349638,-9.589894,1.0
5.528814,-3.729876,0.0
8.406421,-7.984036,1.0
1.044528,1.211130,0.0
5.503107,-9.782036,1.0
0.815820,-6.169973,0.0
6.103667,-8.701134,1.0
6.800587,5.180944,0.0
1.642390,-8.906243,1.0
5.931224,2.571171,0.0
6.139705,-9.994276,1.0
4.377560,-2.052304,0.0
7.855648,-7.039676,1.0
7.190448,9.723830,0.0
7.062542,-9.955388,1.0
9.304143,-0.008879,0.0
3.567104,-9.305361,1.0
5.991824,-0.282136,0.0
6.390845,-9.720327,1.0
8.218451,5.265688,0.0
1.268942,-7.865250,1.0
5.798561,3.179005,0.0
2.916275,-8.848772,1.0
5.620257,9.343350,0.0
1.408828,-7.550035,1.0
5.202114,-5.344823,0.0
2.926238,-9.616982,1.0
7.944239,7.755655,0.0
6.993731,-8.909333,1.0
2.774213,2.788026,0.0
1.433221,-7.557969,1.0
0.711846,-1.415923,0.0
7.149866,-7.663067,1.0
2.756359,2.623423,0.0
8.353569,-7.472120,1.0
0.251877,-2.728739,0.0
4.251284,-9.600635,1.0
3.733689,-4.981777,0.0
1.126481,-9.172324,1.0
9.144230,4.441652,0.0
2.025831,-7.555106,1.0
1.103423,0.921801,0.0
6.165547,-8.696686,1.0
6.000402,7.630340,0.0
8.486668,-8.371318,1.0
4.176027,3.330852,0.0
6.116821,-8.376364,1.0
1.485926,-1.477415,0.0
3.202019,-8.100845,1.0
6.989479,-4.881455,0.0
1.784982,-9.941307,1.0
8.158415,7.113453,0.0
6.210612,-9.472267,1.0
5.354114,3.517902,0.0
8.659873,-8.054259,1.0
6.903307,-1.622751,0.0
7.590402,-9.432078,1.0
6.878223,-4.627094,0.0
1.810186,-8.862515,1.0
5.711433,-5.085405,0.0
7.680863,-9.318924,1.0
6.146772,7.730043,0.0
0.434585,-8.779725,1.0
3.898354,9.293733,0.0
2.508388,-7.459355,1.0
6.082334,2.010886,0.0
8.343335,-8.068281,1.0
1.319205,-5.421227,0.0
7.074720,-8.553835,1.0
4.597609,-5.165127,0.0
2.480226,-8.451278,1.0
4.554557,7.036434,0.0
0.767067,-9.369645,1.0
4.601293,-1.522400,0.0
5.275831,-9.734738,1.0
0.862251,-5.481957,0.0
8.048667,-8.816337,1.0
2.756298,0.684213,0.0
7.688173,-8.462430,1.0
9.783795,2.861348,0.0
2.985962,-8.478829,1.0
1.052882,1.990418,0.0
8.921958,-9.594944,1.0
2.577547,-7.428524,0.0
0.942017,-9.254987,1.0
8.105368,4.137799,0.0
4.207228,-9.737179,1.0
4.136128,2.210732,0.0
7.777124,-9.961414,1.0
1.704783,-4.653683,0.0
6.604154,-8.195862,1.0
3.851400,-8.102032,0.0
3.354786,-8.832416,1.0
1.964049,9.566833,0.0
8.293509,-7.296942,1.0
4.342366,-4.934582,0.0
1.827787,-7.115127,1.0
0.219673,-5.103032,0.0
1.759865,-7.583435,1.0
4.003235,-4.479828,0.0
6.590928,-8.881247,1.0
6.277179,-7.944401,0.0
7.606180,-7.882090,1.0
2.355104,-4.759622,0.0
1.316069,-7.248908,1.0
5.348728,2.532538,0.0
4.398865,-9.483072,1.0
7.798114,-3.474195,0.0
0.104811,-9.532712,1.0
9.047706,0.117328,0.0
9.963304,-9.027015,1.0
9.866889,-3.663597,0.0
0.079782,-9.729699,1.0
3.141781,-1.571186,0.0
3.723099,-8.762952,1.0
3.575840,8.362635,0.0
7.452230,-7.109870,1.0
4.743558,0.459884,0.0
0.146039,-8.655313,1.0
3.873340,8.515593,0.0
9.250434,-9.387956,1.0
2.332797,4.914332,0.0
3.252417,-8.990171,1.0
3.970508,-4.568412,0.0
0.895849,-8.041442,1.0
4.939190,-3.369987,0.0
1.911018,-7.457655,1.0
3.996907,2.444265,0.0
3.558326,-8.566813,1.0
1.901666,-6.519710,0.0
0.120901,-9.406736,1.0
6.634122,9.409591,0.0
7.368077,-8.420525,1.0
7.446164,5.585101,0.0
6.731546,-7.872275,1.0
2.244417,-5.355261,0.0
3.460609,-9.262953,1.0
1.833036,5.873415,0.0
7.098992,-9.173776,1.0
7.848289,2.765720,0.0
7.077850,-7.773010,1.0
3.390838,9.641981,0.0
5.342558,-9.286660,1.0
3.666867,8.155224,0.0
1.501206,-9.770157,1.0
6.590494,3.228137,0.0
7.527787,-7.146437,1.0
6.134741,3.537771,0.0
6.478957,-9.452688,1.0
2.245905,4.172409,0.0
0.353271,-7.774206,1.0
6.425761,5.769399,0.0
6.994786,-9.591996,1.0
7.718399,-3.046440,0.0
3.935366,-9.490739,1.0
2.424785,-2.625725,0.0
0.208345,-9.506024,1.0
4.158001,-2.301041,0.0
7.576725,-9.393317,1.0
8.410578,3.520309,0.0
2.017420,-7.967179,1.0
5.382851,9.208080,0.0
4.845015,-9.952127,1.0
1.998368,3.476666,0.0
5.957338,-8.506598,1.0
5.376976,-7.408438,0.0
8.625879,-8.457615,1.0
9.524386,3.063517,0.0
1.334661,-9.506833,1.0
8.878307,5.642030,0.0
7.575513,-9.505492,1.0
3.978972,-0.277698,0.0
2.070635,-9.653054,1.0
7.059474,7.309688,0.0
2.063939,-7.414462,1.0
0.480916,-3.774251,0.0
1.894581,-9.334397,1.0
9.298113,-2.557958,0.0
4.682582,-9.954826,1.0
0.816471,-4.385883,0.0
8.244910,-9.341745,1.0
7.645804,-3.252007,0.0
5.538810,-9.766355,1.0
9.597108,7.326688,0.0
2.447468,-8.623937,1.0
1.634787,2.138371,0.0
7.687497,-8.872912,1.0
3.254250,-1.065587,0.0
9.697189,-9.802989,1.0
7.188824,-4.130444,0.0
5.064619,-9.685176,1.0
7.496606,1.374432,0.0
0.040500,-9.795391,1.0
2.894397,2.640799,0.0
2.058765,-9.501183,1.0
5.416594,3.732966,0.0
1.769372,-7.649405,1.0
8.186229,2.306703,0.0
6.711694,-8.968431,1.0
1.944920,6.706182,0.0
3.579524,-9.684538,1.0
3.239478,2.225051,0.0
3.880124,-9.025790,1.0
9.451571,-4.139621,0.0
6.404245,-8.158044,1.0
2.525787,-7.288050,0.0
7.787872,-9.768816,1.0
1.700473,9.715348,0.0
2.029105,-9.047814,1.0
4.622875,3.669931,0.0
5.542552,-8.899976,1.0
7.024576,-5.118477,0.0
0.444773,-8.408963,1.0
5.203364,-3.424548,0.0
0.088400,-8.276703,1.0
4.825347,9.263265,0.0
2.993118,-8.399400,1.0
0.943540,6.360599,0.0
6.625674,-7.687517,1.0
2.999768,4.484414,0.0
0.288893,-8.372119,1.0
9.307061,-1.830145,0.0
3.024411,-9.618011,1.0
0.275480,9.992546,0.0
4.065030,-9.710358,1.0
6.729997,-6.984894,0.0
5.199629,-9.950873,1.0
2.280885,0.200760,0.0
7.983820,-8.780287,1.0
2.377730,-4.246368,0.0
0.694008,-8.743838,1.0
4.360977,0.379660,0.0
0.498772,-9.140580,1.0
7.561266,-4.830028,0.0
6.697391,-9.083759,1.0
0.874195,-4.081101,0.0
1.545537,-8.248018,1.0
1.898350,1.592824,0.0
1.892957,-8.520670,1.0
7.015218,0.047946,0.0
7.204346,-8.964761,1.0
7.517344,-1.411468,0.0
8.468378,-7.591032,1.0
8.432902,-5.602411,0.0
4.357718,-9.952076,1.0
4.888802,2.594908,0.0
6.114931,-8.906581,1.0
6.973097,4.004282,0.0
3.143539,-8.962445,1.0
7.272989,4.546142,0.0
6.321919,-9.250473,1.0
0.999933,2.168564,0.0
6.466040,-8.577253,1.0
1.568078,-0.086954,0.0
3.415477,-8.823945,1.0
6.537393,-1.457727,0.0
7.363388,-8.061780,1.0
5.565083,-4.533351,0.0
1.034201,-9.456136,1.0
9.059728,4.024391,0.0
1.024155,-9.107075,1.0
4.609807,4.354062,0.0
7.217701,-7.629944,1.0
8.443764,-0.748072,0.0
4.819586,-9.167426,1.0
3.578999,-4.761273,0.0
7.390175,-7.997719,1.0
4.450954,4.655784,0.0
2.234681,-7.515385,1.0
6.423596,-6.388618,0.0
9.734311,-8.628552,1.0
3.098348,-1.517755,0.0
6.362000,-8.162200,1.0
9.678231,-5.132244,0.0
8.640854,-7.948500,1.0
1.890982,-5.694563,0.0
9.201836,-8.422358,1.0
4.775313,7.491220,0.0
7.863905,-7.406570,1.0
2.619047,6.799837,0.0
2.028806,-7.555854,1.0
9.216929,7.959385,0.0
9.149319,-9.220651,1.0
1.728789,1.937081,0.0
7.112027,-9.450940,1.0
0.190882,6.488104,0.0
9.882493,-8.481737,1.0
8.135110,3.894906,0.0
5.620379,-9.488200,1.0
2.724612,-4.163151,0.0
5.747696,-9.541782,1.0
0.887342,-2.250400,0.0
7.389473,-8.538956,1.0
2.581987,1.374103,0.0
7.128151,-9.147908,1.0
7.041902,-2.844674,0.0
8.714379,-9.228907,1.0
9.174009,5.369928,0.0
3.355177,-9.863575,1.0
2.976296,-4.031607,0.0
9.361634,-9.706862,1.0
2.568061,-6.335022,0.0
3.836117,-8.914792,1.0
6.947565,5.664418,0.0
8.358663,-8.786141,1.0
4.446518,-3.997101,0.0
1.904975,-7.923065,1.0
6.835451,-2.503026,0.0
0.864129,-8.972930,1.0
9.877758,1.407846,0.0
5.613353,-8.914112,1.0
5.061905,1.318889,0.0
8.721699,-8.319351,1.0
5.565043,-5.806232,0.0
1.399536,-9.400810,1.0
8.608436,-5.239101,0.0
8.117806,-8.212820,1.0
3.790043,8.586616,0.0
7.505808,-9.963294,1.0
6.402315,-1.951964,0.0
1.242449,-9.446910,1.0
5.925990,6.401191,0.0
6.706776,-9.764012,1.0
0.825676,4.566582,0.0
7.131320,-8.173779,1.0
0.960423,-5.524016,0.0
7.819427,-9.667479,1.0
8.946151,6.127355,0.0
5.650640,-9.907082,1.0
5.586482,-5.182145,0.0
1.942361,-8.419357,1.0
2.863732,-7.579332,0.0
6.933699,-8.598516,1.0
5.802723,3.089163,0.0
8.189722,-8.603311,1.0
7.191399,2.103151,0.0
2.350660,-7.737143,1.0
2.805588,-2.301555,0.0
3.031092,-8.932136,1.0
5.283394,6.212376,0.0
5.478259,-9.072683,1.0
1.399308,6.517292,0.0
2.699541,-9.646395,1.0
0.156741,-0.747150,0.0
2.974662,-8.454852,1.0
4.324726,1.769910,0.0
8.352113,-8.812675,1.0
7.880271,-1.952432,0.0
1.305836,-7.844552,1.0
5.354369,-7.316925,0.0
8.125330,-9.273634,1.0
3.447312,8.054147,0.0
7.392520,-8.175542,1.0
2.206435,-2.255916,0.0
6.747385,-9.012316,1.0
3.340088,4.040018,0.0
6.057024,-9.880885,1.0
3.220821,-4.555681,0.0
0.794711,-7.989138,1.0
5.187643,7.545952,0.0
2.006785,-7.587381,1.0
2.984533,-7.020105,0.0
1.286927,-7.186635,1.0
4.083682,-0.551858,0.0
0.488288,-8.002547,1.0
3.976250,7.789012,0.0
2.061705,-9.678869,1.0
0.842386,6.178096,0.0
2.243547,-7.813112,1.0
6.733478,9.157516,0.0
7.566524,-9.827496,1.0
4.269910,-0.670940,0.0
7.113457,-8.236866,1.0
6.621841,-2.759747,0.0
2.930445,-9.401072,1.0
3.920923,8.021237,0.0
6.277802,-9.695743,1.0
5.498609,0.727824,0.0
0.285897,-8.477755,1.0
1.216374,-2.174312,0.0
8.603162,-8.999104,1.0
3.506361,-6.338160,0.0
6.079351,-8.306781,1.0
9.780027,-3.452495,0.0
7.421990,-9.581740,1.0
2.334969,-1.721402,0.0
4.942012,-9.879870,1.0
0.067889,-7.082089,0.0
1.606671,-9.003537,1.0
5.168855,-3.403911,0.0
1.829472,-7.620245,1.0
1.829443,5.141808,0.0
5.456172,-9.434138,1.0
1.476922,-4.015960,0.0
7.769409,-9.864136,1.0
1.570016,4.785754,0.0
5.876304,-9.089280,1.0
1.576395,-0.520323,0.0
9.436602,-9.708300,1.0
1.986511,4.850719,0.0
9.462980,-8.709110,1.0
9.964600,0.548706,0.0
5.838849,-8.937590,1.0
9.746947,4.189019,0.0
7.287171,-8.356945,1.0
9.421769,-5.833410,0.0
0.991081,-7.868331,1.0
3.222579,-5.409895,0.0
7.310788,-9.276569,1.0
9.030321,-4.060889,0.0
0.335421,-7.774580,1.0
5.461501,-6.251835,0.0
0.102560,-8.881057,1.0
6.933251,4.578165,0.0
6.914875,-7.509546,1.0
3.554561,-6.141676,0.0
6.437355,-9.212407,1.0
3.575518,-1.920784,0.0
1.255377,-7.261535,1.0
7.953499,-0.543602,0.0
3.518253,-9.617637,1.0
1.251089,4.400387,0.0
7.001152,-7.492886,1.0
6.858330,6.114583,0.0
8.164096,-8.809968,1.0
9.571742,-4.681649,0.0
1.581261,-8.124990,1.0
4.314878,-8.706865,0.0
3.008636,-8.156025,1.0
5.641319,-2.059353,0.0
7.817212,-8.836561,1.0
9.741820,-7.525744,0.0
0.962562,-7.664412,1.0
7.410336,1.494800,0.0
4.795733,-9.437136,1.0
3.503863,8.901887,0.0
6.322064,-8.521306,1.0
1.375419,3.667400,0.0
3.153031,-9.102045,1.0
6.430947,0.345155,0.0
5.273580,-9.082707,1.0
9.793842,0.682898,0.0
2.872884,-8.631818,1.0
0.130122,4.234571,0.0
0.229435,-8.163299,1.0
4.090367,3.910681,0.0
5.417531,-9.266662,1.0
4.025322,-2.173511,0.0
8.968712,-7.858809,1.0
6.666969,-5.684818,0.0
5.398963,-9.890403,1.0
0.000266,-0.517351,0.0
6.967756,-7.878825,1.0
5.267841,3.542507,0.0
8.377738,-8.609587,1.0
5.562489,7.644198,0.0
1.069446,-8.745493,1.0
1.660450,4.660451,0.0
7.475288,-7.850156,1.0
1.430324,8.970149,0.0
0.154392,-8.537761,1.0
9.493766,-5.720756,0.0
7.498417,-8.229193,1.0
6.521174,-6.393328,0.0
8.072043,-7.950065,1.0
4.174601,-4.216270,0.0
1.214296,-7.398685,1.0
4.361711,4.825498,0.0
7.444715,-9.000313,1.0
5.810771,-5.911317,0.0
1.836067,-7.368710,1.0
3.661928,2.447388,0.0
1.181496,-7.779838,1.0
0.886354,4.197475,0.0
2.085347,-7.472292,1.0
0.607051,-3.855854,0.0
4.032477,-8.847658,1.0
8.028664,5.747007,0.0
8.999948,-9.359756,1.0
8.579884,-4.978860,0.0
3.888339,-9.606108,1.0
7.159779,-0.638607,0.0
3.120843,-9.395602,1.0
0.408509,2.040641,0.0
4.678511,-9.480943,1.0
9.326565,-6.005011,0.0
1.274513,-9.775879,1.0
6.019279,2.434964,0.0
1.288549,-8.005528,1.0
0.180965,-6.196435,0.0
9.744275,-9.388614,1.0
1.858455,0.600439,0.0
3.462861,-9.910804,1.0
7.038708,9.165760,0.0
0.486842,-9.295909,1.0
5.514185,4.132574,0.0
7.983908,-8.336344,1.0
3.542712,-4.523159,0.0
1.196244,-8.416526,1.0
1.496959,8.828155,0.0
2.231537,-8.368737,1.0
8.808896,-6.867506,0.0
3.592050,-9.525973,1.0
6.586750,-2.322572,0.0
7.118586,-9.378644,1.0
0.428620,-1.735880,0.0
7.918562,-7.818405,1.0
8.634941,5.167527,0.0
2.965048,-8.930570,1.0
3.058630,3.146000,0.0
0.960379,-9.673414,1.0
6.452401,1.466350,0.0
3.124663,-8.135478,1.0
6.723048,-0.880714,0.0
1.494376,-8.207058,1.0
6.590287,-3.393073,0.0
7.696860,-9.660981,1.0
2.990500,-6.471054,0.0
0.522060,-8.719566,1.0
4.153425,3.582218,0.0
9.647495,-8.365219,1.0
5.897771,-1.715961,0.0
3.071131,-8.050667,1.0
6.163992,6.600377,0.0
7.648990,-8.028087,1.0
3.139152,9.477722,0.0
0.040224,-8.185495,1.0
4.631549,-4.364613,0.0
3.661658,-9.552357,1.0
8.440737,-2.414439,0.0
7.493401,-9.521404,1.0
2.528982,-0.244654,0.0
7.947935,-9.717124,1.0
7.648454,5.367942,0.0
0.428067,-8.645756,1.0
9.255303,-1.619930,0.0
2.548224,-7.597842,1.0
4.564259,-6.151394,0.0
8.169864,-9.726843,1.0
3.161292,-5.515714,0.0
1.261763,-8.064752,1.0
9.065416,-4.337912,0.0
9.844812,-9.471156,1.0
7.625247,5.293232,0.0
3.805722,-9.169433,1.0
1.155787,1.092235,0.0
3.787154,-9.791483,1.0
4.063756,9.154116,0.0
7.487596,-8.792620,1.0
1.447225,-2.341075,0.0
3.445256,-8.675356,1.0
0.989236,2.581066,0.0
3.675375,-9.389949,1.0
7.066070,8.939770,0.0
1.425517,-7.402721,1.0
8.245068,0.224784,0.0
6.583664,-9.508139,1.0
5.720459,-1.851237,0.0
6.451203,-8.390542,1.0
7.219407,3.480430,0.0
9.254000,-9.407608,1.0
7.771829,-6.849348,0.0
7.080501,-9.406612,1.0
3.549580,5.809055,0.0
7.786821,-9.067604,1.0
5.904814,-4.814300,0.0
6.860876,-9.776473,1.0
1.068377,2.810298,0.0
1.406256,-8.515480,1.0
7.751452,7.457758,0.0
1.859741,-8.002100,1.0
9.042233,-3.674917,0.0
6.439681,-9.486377,1.0
4.858574,6.295423,0.0
0.090235,-8.027203,1.0
2.680226,3.454156,0.0
6.841825,-9.833071,1.0
1.899713,7.089804,0.0
7.023188,-7.381836,1.0
8.275611,6.563372,0.0
0.310000,-9.949400,1.0
4.753599,-1.881840,0.0
6.972132,-9.815320,1.0
0.359433,-7.126504,0.0
2.553149,-9.765328,1.0
7.123035,4.016993,0.0
8.318720,-9.184175,1.0
5.247178,8.723683,0.0
9.351758,-8.498935,1.0
4.641043,-5.194320,0.0
6.051880,-8.813982,1.0
4.673978,1.538375,0.0
0.243088,-8.325748,1.0
2.194183,5.501897,0.0
0.726398,-7.430255,1.0
5.660095,8.518906,0.0
8.551969,-9.117380,1.0
7.305505,-2.114664,0.0
3.498867,-8.363581,1.0
7.646767,8.511111,0.0
0.403530,-9.362176,1.0
0.172397,5.200090,0.0
1.003690,-7.294044,1.0
6.650620,4.251343,0.0
8.160159,-7.662704,1.0
3.119476,8.151394,0.0
7.617175,-9.442446,1.0
6.016210,-0.546514,0.0
7.756428,-9.314966,1.0
7.880179,-4.871135,0.0
1.506475,-7.200259,1.0
0.816238,7.157504,0.0
5.870905,-9.311873,1.0
1.160925,-5.824372,0.0
3.786140,-8.901382,1.0
8.257334,-7.061647,0.0
6.262644,-8.125005,1.0
3.472839,6.206945,0.0
2.316908,-9.919163,1.0
8.753303,3.860062,0.0
7.400974,-7.548424,1.0
5.473022,0.651579,0.0
5.833500,-8.911493,1.0
1.813998,5.944851,0.0
9.006072,-8.484143,1.0
3.378414,-7.091289,0.0
4.057281,-9.782199,1.0
1.928350,9.576963,0.0
7.902776,-9.411524,1.0
5.555296,5.921798,0.0
5.080160,-9.326448,1.0
4.645916,-1.555509,0.0
2.399788,-9.028705,1.0
5.176665,-1.001377,0.0
4.135232,-9.746560,1.0
8.534073,-4.876406,0.0
1.795560,-7.606988,1.0
4.515649,-0.416020,0.0
2.079839,-8.243311,1.0
5.595027,1.686896,0.0
7.415473,-9.445846,1.0
5.552906,5.598027,0.0
1.074957,-7.957617,1.0
1.113793,9.085507,0.0
0.584122,-7.799198,1.0
6.244395,9.140372,0.0
0.121160,-8.098503,1.0
8.174298,1.295592,0.0
2.635083,-7.647421,1.0
3.363138,-0.912109,0.0
6.694874,-9.776424,1.0
5.483760,1.551512,0.0
1.674612,-8.439222,1.0
9.965450,8.705972,0.0
3.301335,-8.337613,1.0
2.482879,9.519822,0.0
2.449162,-9.082167,1.0
0.054185,-7.684049,0.0
0.626938,-7.915095,1.0
3.342887,-1.587846,0.0
0.493409,-9.184098,1.0
9.532898,8.899978,0.0
9.439881,-8.175534,1.0
2.690965,4.402566,0.0
6.959756,-9.212082,1.0
1.789514,3.081601,0.0
1.297509,-7.829729,1.0
5.834438,8.872749,0.0
8.571784,-8.207343,1.0
6.046011,1.075898,0.0
9.269724,-8.126503,1.0
9.541211,8.367277,0.0
7.479118,-9.538449,1.0
7.630069,7.281759,0.0
1.938866,-8.044912,1.0
0.526542,9.237114,0.0
1.671861,-7.309177,1.0
8.897285,3.659340,0.0
1.858016,-7.697892,1.0
4.175322,-0.177426,0.0
2.628420,-8.241962,1.0
1.127239,1.455080,0.0
8.372671,-7.157510,1.0
5.789791,8.139155,0.0
9.359470,-8.616500,1.0
8.289320,7.349274,0.0
2.238631,-8.600288,1.0
6.519516,-2.354682,0.0
3.085793,-9.124724,1.0
5.864742,7.577473,0.0
0.833712,-9.338462,1.0
1.556246,2.080865,0.0
8.996113,-7.698441,1.0
1.010954,-6.910258,0.0
8.348782,-7.606506,1.0
1.489153,6.559749,0.0
8.266731,-7.315359,1.0
2.551096,2.914463,0.0
3.490521,-8.446195,1.0
6.065522,-2.868184,0.0
0.754521,-9.627855,1.0
8.790292,7.034463,0.0
7.480504,-8.550104,1.0
8.018076,9.632124,0.0
5.847629,-9.669705,1.0
4.250645,-7.892099,0.0
0.258476,-8.735867,1.0
0.954268,6.936959,0.0
4.981271,-9.931410,1.0
2.633511,-6.304175,0.0
6.696377,-8.199551,1.0
7.133743,3.958994,0.0
2.532593,-8.413192,1.0
8.296036,-6.202745,0.0
2.705039,-8.922851,1.0
5.474688,-3.135168,0.0
9.069881,-7.750586,1.0
9.657091,3.797412,0.0
3.212715,-8.171870,1.0
9.973121,6.675728,0.0
4.192450,-9.247892,1.0
5.583183,3.466011,0.0
1.705547,-8.462180,1.0
3.822580,2.583217,0.0
2.700809,-9.248737,1.0
6.613631,1.073819,0.0
0.884408,-8.725008,1.0
9.298577,-6.751798,0.0
7.123917,-9.497484,1.0
2.618938,3.328858,0.0
8.478298,-8.574146,1.0
9.696046,-6.257325,0.0
1.126578,-8.683208,1.0
1.096256,0.073020,0.0
8.021314,-8.733837,1.0
4.681118,1.557256,0.0
7.263365,-8.388507,1.0
1.224484,9.820627,0.0
3.305297,-9.361048,1.0
6.238092,-2.126305,0.0
7.776939,-7.897385,1.0
5.480918,5.785601,0.0
0.315564,-8.895318,1.0
7.961362,3.552934,0.0
0.608838,-9.176461,1.0
7.378748,-0.214824,0.0
1.821488,-8.876067,1.0
6.467369,4.421601,0.0
3.022836,-8.559632,1.0
4.230109,1.340138,0.0
9.603999,-8.675582,1.0
8.335797,9.516568,0.0
3.658610,-9.922086,1.0
4.979639,-3.683222,0.0
1.101360,-9.835208,1.0
2.195003,-6.298620,0.0
5.839949,-9.391919,1.0
6.741030,3.327962,0.0
0.552769,-9.885722,1.0
2.261508,8.419847,0.0
2.297736,-7.586712,1.0
0.455076,7.067306,0.0
8.004957,-7.203898,1.0
6.972502,4.001779,0.0
1.004071,-8.374815,1.0
8.269404,-1.633967,0.0
8.377711,-8.744991,1.0
9.778247,-3.297771,0.0
7.347066,-9.357273,1.0
7.691015,-3.502988,0.0
5.412215,-9.069214,1.0
5.720152,7.327507,0.0
9.688268,-9.784687,1.0
2.566775,9.603572,0.0
3.280206,-9.874909,1.0
7.992279,2.846043,0.0
7.599088,-7.640302,1.0
8.149241,-0.837958,0.0
1.483767,-7.699556,1.0
8.532265,-5.611657,0.0
2.568246,-8.648573,1.0
1.469203,-3.492057,0.0
2.100355,-9.799598,1.0
7.211348,-6.870619,0.0
6.054343,-8.395154,1.0
8.812181,3.033179,0.0
2.972372,-8.002793,1.0
0.182900,-1.385289,0.0
8.129762,-7.928520,1.0
1.207826,9.884676,0.0
9.871038,-9.239403,1.0
1.161903,6.395555,0.0
5.835115,-9.768234,1.0
4.324615,-1.771108,0.0
5.258622,-9.501288,1.0
9.524356,2.109303,0.0
0.554796,-8.664890,1.0
9.706020,8.235864,0.0
4.826632,-9.640601,1.0
4.735840,0.998508,0.0
4.699396,-9.175994,1.0
3.578302,-8.005606,0.0
6.198068,-9.721579,1.0
8.071330,0.188690,0.0
1.214534,-9.197376,1.0
5.671014,-3.794610,0.0
5.784714,-8.893206,1.0
6.278456,-5.193334,0.0
2.968452,-9.766896,1.0
9.282136,0.239488,0.0
0.568264,-9.754036,1.0
9.706705,-7.875941,0.0
3.189267,-9.397583,1.0
9.384026,4.917793,0.0
3.863303,-9.838009,1.0
5.286944,5.555711,0.0
6.753177,-9.806184,1.0
8.194359,-4.084670,0.0
7.206889,-8.142821,1.0
5.378393,-0.148904,0.0
4.930138,-9.749130,1.0
4.584916,7.490179,0.0
2.262450,-8.498524,1.0
7.696666,5.929635,0.0
9.728901,-8.910759,1.0
2.938438,3.021848,0.0
2.104120,-8.816481,1.0
4.697642,-2.792208,0.0
2.822459,-7.879492,1.0
7.919155,4.737483,0.0
8.883371,-9.153655,1.0
5.062801,-8.069994,0.0
6.633732,-9.059668,1.0
0.524373,-3.035105,0.0
1.844221,-8.255500,1.0
2.678098,-7.480944,0.0
7.249048,-8.575118,1.0
4.050494,3.641280,0.0
7.296068,-8.496869,1.0
4.082507,-0.072544,0.0
0.641055,-8.738837,1.0
7.673986,3.698587,0.0
6.918373,-7.873683,1.0
9.760984,-3.553999,0.0
0.123331,-9.154281,1.0
4.454990,8.004823,0.0
8.313287,-9.573564,1.0
8.334560,9.582801,0.0
6.290791,6.787199,1.0
7.331451,9.427768,0.0
0.722668,-8.237232,1.0
2.585215,9.461825,0.0
4.516690,-9.395810,1.0
4.221558,-5.723552,0.0
7.782052,-9.116057,1.0
2.246471,3.226794,0.0
8.065205,-9.430919,1.0
4.101274,-8.790349,0.0
4.071635,-9.409587,1.0
4.686072,7.754616,0.0
3.264455,-8.292710,1.0
6.884151,-5.342894,0.0
2.123435,-7.427114,1.0
7.323438,0.554212,0.0
1.042327,-7.481994,1.0
7.126271,-6.635652,0.0
1.437358,-7.695913,1.0
6.853292,-2.782147,0.0
6.141783,-8.518251,1.0
8.331794,-4.309502,0.0
0.901166,0.599483,1.0
8.523030,3.464562,0.0
7.243854,-7.761484,1.0
0.111787,7.718968,0.0
8.255923,-7.808983,1.0
2.549763,-1.642132,0.0
8.662650,-9.050779,1.0
7.813558,-4.313224,0.0
7.120473,-8.861740,1.0
6.655940,3.140320,0.0
2.165544,1.327161,1.0
3.358580,5.537849,0.0
4.986663,-9.747323,1.0
2.283176,-2.659159,0.0
1.435847,-9.315048,1.0
4.690396,-6.170989,0.0
8.255005,-9.440072,1.0
3.944106,7.326419,0.0
8.414659,-0.688793,1.0
2.161367,8.436290,0.0
1.398757,-7.329804,1.0
2.033259,-3.324615,0.0
7.487642,-8.561398,1.0
5.516827,-6.510529,0.0
8.272693,6.458388,1.0
6.726575,-2.255308,0.0
5.368812,-3.472930,1.0
0.412825,6.853620,0.0
6.605408,-7.874793,1.0
8.677082,8.284495,0.0
7.465811,-7.636550,1.0
8.348775,5.924291,0.0
2.293411,-8.393755,1.0
9.564728,-0.683373,0.0
6.893765,-8.948700,1.0
4.106445,4.350159,0.0
9.201485,6.837425,1.0
4.688206,-0.097790,0.0
6.671329,-8.489634,1.0
6.180806,-7.452151,0.0
0.273248,-5.530956,1.0
1.091182,9.057910,0.0
2.217313,-8.086071,1.0
8.103013,4.949659,0.0
1.017297,-7.685626,1.0
7.874518,4.346199,0.0
5.491811,-9.737914,1.0
3.266821,8.185643,0.0
7.795227,-8.687134,1.0
4.873676,6.748447,0.0
0.582759,-8.669890,1.0
1.693225,6.251659,0.0
6.353326,-9.376601,1.0
5.712571,6.474245,0.0
2.103350,-9.700536,1.0
5.606965,2.884924,0.0
2.495579,-4.233816,1.0
9.948830,9.997105,0.0
6.906075,-9.879706,1.0
3.695029,-4.517240,0.0
7.042699,1.953045,1.0
0.451397,3.581607,0.0
2.790743,-8.796940,1.0
8.264730,1.095641,0.0
8.833626,2.141830,1.0
4.905813,6.797843,0.0
9.808948,6.194010,1.0
5.517449,-5.639018,0.0
9.706168,-7.180485,1.0
3.062606,-2.872700,0.0
2.072745,1.936912,1.0
3.720332,5.482593,0.0
2.111928,-8.447370,1.0
1.740335,9.925006,0.0
2.373699,-8.574633,1.0
5.944245,7.969593,0.0
5.993507,-9.140024,1.0
4.082399,-3.537278,0.0
4.600983,5.701650,1.0
0.183572,1.046988,0.0
0.855813,-3.442658,1.0
5.746293,6.087277,0.0
8.012656,-7.388190,1.0
9.141677,7.663213,0.0
5.916964,1.543417,1.0
5.216345,6.442743,0.0
1.537287,2.929355,1.0
9.582075,8.374540,0.0
4.427838,5.614886,1.0
5.204655,-0.177712,0.0
4.923449,5.139496,1.0
6.005976,6.975659,0.0
4.498807,-7.398586,1.0
8.952680,5.620455,0.0
6.299317,-9.216113,1.0
0.691262,6.283802,0.0
7.148036,-7.887234,1.0
0.528280,9.521626,0.0
3.597574,-8.674233,1.0
8.308176,8.204403,0.0
0.932559,-3.652529,1.0
0.354508,6.621428,0.0
6.719762,6.281788,1.0
1.235659,5.674366,0.0
1.544250,-8.737150,1.0
1.141741,8.565212,0.0
9.805636,-9.003331,1.0
5.936950,-4.581599,0.0
9.742386,-9.495941,1.0
2.220406,6.904976,0.0
2.262834,-7.395751,1.0
6.598402,8.734804,0.0
6.486892,-8.440320,1.0
8.596045,-1.932059,0.0
1.001817,3.570316,1.0
0.126394,-0.837173,0.0
6.729073,-8.341982,1.0
7.164212,7.933831,0.0
4.899042,4.764758,1.0
0.890574,9.153825,0.0
5.290281,-3.252141,1.0
8.855722,6.436155,0.0
7.555942,-5.109089,1.0
5.858386,-5.415771,0.0
8.391310,-5.067377,1.0
5.247630,4.131770,0.0
7.934148,6.603349,1.0
0.765451,0.391659,0.0
0.621335,-9.166190,1.0
8.198141,8.465153,0.0
7.221467,-9.640675,1.0
6.175597,7.300419,0.0
6.359040,1.492650,1.0
4.405972,-6.785621,0.0
3.825819,-9.836210,1.0
2.295733,7.751729,0.0
7.275161,-3.456115,1.0
8.411696,8.146915,0.0
7.360578,-7.227524,1.0
8.536256,9.538905,0.0
3.842488,-8.757728,1.0
6.799225,-0.311278,0.0
1.643448,-9.568338,1.0
0.350319,9.121681,0.0
2.945419,-3.418373,1.0
0.335856,7.891941,0.0
5.718663,-3.570165,1.0
2.722387,8.065004,0.0
9.813555,1.568060,1.0
1.660479,9.070448,0.0
8.036921,1.764842,1.0
8.467823,9.478811,0.0
9.997540,5.591420,1.0
8.248698,8.347277,0.0
9.473734,-0.925090,1.0
4.314012,8.237172,0.0
4.664374,-2.550936,1.0
0.989858,8.619529,0.0
8.950251,2.373700,1.0
0.831511,8.084233,0.0
7.478497,-8.018159,1.0
0.643508,8.173213,0.0
1.399203,1.529786,1.0
9.532765,8.874019,0.0
7.675094,-8.406956,1.0
0.029144,9.926079,0.0
0.434853,5.448429,1.0
3.226548,9.438597,0.0
8.590422,6.593753,1.0
8.305802,1.674438,0.0
9.260054,-3.289730,1.0
7.477236,9.963230,0.0
4.547589,-7.610861,1.0
4.008137,7.903854,0.0
9.588364,-7.049695,1.0
7.818564,8.641799,0.0
2.622621,5.099560,1.0
5.474780,7.848414,0.0
6.365409,-3.827883,1.0
7.971602,9.488131,0.0
9.632128,2.903195,1.0
0.578030,0.411608,0.0
7.179992,-2.563393,1.0
6.453053,8.581857,0.0
7.859225,-9.996461,1.0
3.571946,7.478873,0.0
0.970662,-2.939252,1.0
3.421565,8.498201,0.0
2.862284,1.533881,1.0
0.254365,8.048097,0.0
7.921939,-2.761099,1.0
5.248851,8.973411,0.0
3.541848,4.112916,1.0
8.975065,7.569711,0.0
6.119576,-6.921112,1.0
0.807711,8.080375,0.0
1.658448,-3.639971,1.0
5.147453,7.297056,0.0
2.862571,-7.770349,1.0
4.616818,7.943749,0.0
2.057186,-0.766981,1.0
3.314042,9.644186,0.0
7.577515,-8.411307,1.0
9.355375,8.313472,0.0
5.827529,-4.099695,1.0
8.420047,8.294415,0.0
8.984988,-8.737359,1.0
1.073689,8.197694,0.0
1.663016,-9.436449,1.0
0.047495,9.297489,0.0
7.460652,-7.876149,1.0
6.184681,8.370173,0.0
0.746771,-8.241711,1.0
0.380052,9.011598,0.0
5.727129,0.553326,1.0
0.800014,8.332891,0.0
2.241865,6.242052,1.0
5.650174,6.993030,0.0
4.644560,-7.971994,1.0
5.945425,7.901869,0.0
1.781486,-7.431321,1.0
4.330359,6.134454,0.0
9.437492,0.683035,1.0
9.876017,8.485194,0.0
1.623661,5.952600,1.0
3.394630,7.420215,0.0
3.883846,0.444395,1.0
1.641460,9.207610,0.0
5.745017,1.698769,1.0
4.007795,9.601524,0.0
7.045113,2.978377,1.0
1.986037,9.726445,0.0
5.897251,-0.811645,1.0
3.714503,9.863087,0.0
7.275173,-3.094068,1.0
2.225113,8.987390,0.0
2.675678,-9.784436,1.0
2.764593,7.807204,0.0
4.183802,2.886592,1.0
4.973793,7.815859,0.0
7.848024,-6.871409,1.0
2.345728,7.861669,0.0
2.668254,-0.390888,1.0
3.205142,9.528665,0.0
5.673043,2.310928,1.0
9.873787,9.498510,0.0
8.662750,-1.288125,1.0
4.712059,8.232480,0.0
5.556665,-8.422184,1.0
4.911998,8.382317,0.0
9.017393,-0.413092,1.0
5.091571,7.613112,0.0
8.921079,1.837146,1.0
6.064113,9.819311,0.0
7.914983,2.805143,1.0
4.470152,9.940684,0.0
7.703901,7.036722,1.0
5.662602,6.543466,0.0
5.103244,-9.594179,1.0
1.831325,9.632149,0.0
3.810962,-8.486834,1.0
4.301484,8.018646,0.0
8.438855,-6.699198,1.0
0.318842,9.511245,0.0
3.736198,-2.285495,1.0
9.689885,9.160666,0.0
3.289356,-2.430353,1.0
9.475426,7.393621,0.0
6.450887,-9.885113,1.0
0.146154,8.560809,0.0
8.777393,-7.033214,1.0
4.072862,7.036273,0.0
1.612413,7.679893,1.0
5.099613,9.678234,0.0
0.199113,1.699025,1.0
6.399455,8.254596,0.0
2.475522,0.987243,1.0
2.261520,9.749388,0.0
9.903163,-5.572380,1.0
9.304873,8.802693,0.0
2.172516,-3.738554,1.0
4.512728,8.165127,0.0
3.220315,-3.112246,1.0
2.485799,9.527726,0.0
6.219220,1.581352,1.0
7.659857,9.688093,0.0
4.431542,-8.330744,1.0
6.215476,7.400962,0.0
4.936154,-6.514178,1.0
9.777395,9.473727,0.0
7.325110,-4.378305,1.0
1.011346,9.076649,0.0
3.117924,-4.680037,1.0
3.675801,9.674001,0.0
2.350742,6.051043,1.0
2.156564,8.150451,0.0
6.580759,-4.934606,1.0
6.706105,9.804627,0.0
0.911188,-2.200805,1.0
2.818764,7.986730,0.0
7.408639,2.605608,1.0
3.625614,8.277532,0.0
6.203206,3.123444,1.0
6.517443,9.467889,0.0
2.036288,-2.984503,1.0
5.258675,7.020987,0.0
9.317001,-8.487469,1.0
2.834299,8.427311,0.0
9.527603,-9.249564,1.0
6.990269,8.180697,0.0
7.449687,2.400686,1.0
1.712786,8.716012,0.0
0.039003,-0.071150,1.0
7.875111,8.795602,0.0
4.213560,3.140246,1.0
3.394589,7.142535,0.0
6.482038,-3.501346,1.0
4.065190,7.456743,0.0
8.707408,-0.257297,1.0
9.753834,7.075965,0.0
9.351048,-4.496296,1.0
9.307355,9.482940,0.0
4.446056,-1.236867,1.0
3.318645,8.585017,0.0
5.936092,4.204765,1.0
3.047511,9.805929,0.0
2.361837,-0.285950,1.0
2.242297,8.512177,0.0
5.379608,-0.867459,1.0
2.565888,7.950093,0.0
8.040539,3.221906,1.0
5.878849,8.324928,0.0
7.665049,1.650517,1.0
3.462656,8.744742,0.0
7.211224,6.287652,1.0
1.424932,9.536174,0.0
1.189755,1.172865,1.0
3.527792,6.638085,0.0
0.749110,-9.488265,1.0
5.723321,6.745568,0.0
6.904776,5.421400,1.0
6.462377,7.265096,0.0
6.160930,2.141968,1.0
2.895625,8.707170,0.0
8.505836,3.650172,1.0
4.688028,6.674336,0.0
3.902146,-3.924019,1.0
2.784993,8.953243,0.0
7.883054,-9.108915,1.0
2.083504,8.979225,0.0
9.572424,-3.293899,1.0
3.483667,9.998279,0.0
7.696166,7.027311,1.0
7.786954,8.137091,0.0
5.204840,3.944060,1.0
8.783549,8.040744,0.0
6.947643,6.250003,1.0
9.892131,8.816326,0.0
4.959594,0.624704,1.0
8.344657,9.462843,0.0
9.999831,2.896252,1.0
5.174734,6.699129,0.0
5.643705,-3.236396,1.0
3.276385,8.482397,0.0
4.101726,3.869233,1.0
0.642564,9.825903,0.0
4.870077,-7.508369,1.0
4.916957,9.715857,0.0
1.024118,-5.781002,1.0
3.725769,9.602525,0.0
2.162325,-6.044972,1.0
1.699149,9.037203,0.0
3.272202,0.628866,1.0
4.081329,7.957613,0.0
4.022215,-7.528168,1.0
0.045045,8.826238,0.0
1.452983,-9.492156,1.0
1.856807,8.945361,0.0
6.714544,-7.596005,1.0
6.631467,8.023192,0.0
2.511847,1.892462,1.0
2.558856,8.680169,0.0
4.000826,-6.596835,1.0
6.106361,9.846923,0.0
8.103945,-4.605660,1.0
7.555746,9.771695,0.0
7.186798,5.311661,1.0
1.447541,9.530651,0.0
9.141193,0.862233,1.0
3.078944,9.126695,0.0
5.922078,-5.729450,1.0
5.073541,6.399181,0.0
2.594756,-9.873476,1.0
9.528931,7.098654,0.0
2.715132,-4.202720,1.0
0.487083,8.562008,0.0
9.172715,0.489486,1.0
6.070415,8.184074,0.0
9.340588,3.063747,1.0
9.110433,9.618175,0.0
6.684723,-9.743155,1.0
8.216566,8.331973,0.0
3.656143,5.821106,1.0
5.178582,8.571666,0.0
4.955326,-2.499307,1.0
5.637672,6.940110,0.0
1.055502,7.671714,1.0
4.717876,7.340096,0.0
7.468782,4.083659,1.0
2.253687,9.090320,0.0
7.507295,-0.800320,1.0
9.459944,7.309828,0.0
5.693639,-4.620514,1.0
9.459701,9.674962,0.0
2.714537,-4.201851,1.0
5.658661,8.044507,0.0
5.080216,-4.256216,1.0
0.987614,9.528536,0.0
0.268231,4.684924,1.0
6.394333,9.820668,0.0
4.936266,-3.132200,1.0
6.170548,9.358551,0.0
7.914566,-9.792994,1.0
2.856972,8.849671,0.0
6.063925,1.483591,1.0
4.841453,6.119711,0.0
9.964243,6.264160,1.0
7.281978,9.283505,0.0
3.522066,-0.334980,1.0
4.436244,9.982215,0.0
2.708053,-2.345989,1.0
7.200275,8.005776,0.0
7.690350,-6.927518,1.0
8.451622,8.566242,0.0
7.086594,-2.114215,1.0
1.323249,9.939102,0.0
1.226955,-7.410716,1.0
6.171682,8.986224,0.0
3.681511,-0.728756,1.0
9.090044,8.548396,0.0
7.245990,-3.965480,1.0
5.650351,8.178694,0.0
3.266442,6.355517,1.0
5.096389,8.007268,0.0
0.383715,6.388981,1.0
7.553225,8.822753,0.0
5.024901,-3.678673,1.0
3.632774,8.411268,0.0
5.464802,2.459982,1.0
9.005676,9.357642,0.0
9.712884,-2.007265,1.0
9.938539,8.813096,0.0
9.263030,-3.254631,1.0
3.013018,9.914614,0.0
2.312894,-4.948079,1.0
0.782802,8.620585,0.0
0.424425,-4.040765,1.0
2.705978,9.747132,0.0
5.132562,-4.657828,1.0
3.859994,7.967280,0.0
0.172744,-4.052404,1.0
4.025101,9.949112,0.0
1.825901,4.239653,1.0
8.801505,8.754538,0.0
8.796931,-9.950667,1.0
2.426038,7.768824,0.0
1.547111,-5.863459,1.0
3.806459,8.060638,0.0
2.874943,6.496255,1.0
9.198886,8.269374,0.0
3.441730,-0.726643,1.0
7.396080,8.365616,0.0
7.281411,5.626962,1.0
4.129975,6.993472,0.0
3.229135,-6.267209,1.0
3.899562,9.977776,0.0
6.191117,-2.619117,1.0
6.946468,9.712583,0.0
3.475756,2.658770,1.0
7.744245,9.009704,0.0
0.244192,-2.544517,1.0
8.011267,8.147809,0.0
5.570911,-9.452689,1.0
0.367665,9.739342,0.0
7.794355,7.491093,1.0
2.844540,9.276664,0.0
7.217788,6.859905,1.0
4.679128,6.844936,0.0
2.094804,3.270538,1.0
9.961741,8.792260,0.0
3.772729,4.855681,1.0
7.496589,8.065662,0.0
3.965974,1.038846,1.0
3.964355,9.567411,0.0
3.701463,-9.115128,1.0
0.323288,7.398897,0.0
8.153380,-3.056744,1.0
4.937678,9.022851,0.0
2.627769,-1.141260,1.0
6.022263,8.467222,0.0
6.496657,6.775452,1.0
6.125780,8.396679,0.0
2.475934,-4.552395,1.0
5.499730,7.584537,0.0
8.303207,-6.409071,1.0
9.303470,7.369132,0.0
7.517103,7.922117,1.0
2.791691,9.978909,0.0
3.797825,-9.909145,1.0
1.993521,8.043519,0.0
3.558431,1.800638,1.0
2.949882,9.463969,0.0
7.298807,-8.112269,1.0
5.753695,6.943400,0.0
9.296262,-5.901447,1.0
0.256123,7.861438,0.0
2.950407,3.495705,1.0
2.399934,8.276267,0.0
3.065603,-3.545313,1.0
8.846081,8.432008,0.0
6.911844,3.255871,1.0
3.014210,9.930163,0.0
5.611789,3.215115,1.0
2.469057,8.978056,0.0
0.452252,-8.203319,1.0
6.011436,7.682833,0.0
8.437532,7.265777,1.0
4.394096,6.627608,0.0
0.512786,5.122712,1.0
4.126015,8.374269,0.0
0.839664,-5.970012,1.0
5.281810,6.550635,0.0
6.315700,4.360057,1.0
3.046926,9.877060,0.0
4.361732,3.748399,1.0
1.859772,8.874428,0.0
6.273863,-1.330037,1.0
3.634553,8.373185,0.0
5.299430,3.547662,1.0
8.625411,8.913599,0.0
2.161979,1.494804,1.0
9.534716,9.990356,0.0
4.803193,3.074990,1.0
4.084506,9.319156,0.0
2.642633,-1.472206,1.0
5.912235,8.772582,0.0
6.977627,-4.628000,1.0
8.465428,9.376588,0.0
5.799582,-3.566072,1.0
5.016341,9.859919,0.0
4.157085,4.618025,1.0
4.650970,9.543189,0.0
5.960639,-9.158334,1.0
4.753226,8.990365,0.0
7.672187,1.595149,1.0
6.486435,9.001994,0.0
6.285959,4.608622,1.0
3.948278,9.482278,0.0
6.604922,6.051961,1.0
0.725734,8.966297,0.0
6.404083,-3.825907,1.0
1.246479,9.826207,0.0
7.668304,-7.870498,1.0
3.632182,8.436349,0.0
4.375326,1.001360,1.0
2.147611,7.961602,0.0
1.604582,4.774381,1.0
1.674705,8.709964,0.0
5.907088,-9.229309,1.0
6.112839,9.391715,0.0
1.383412,-8.180790,1.0
6.370780,7.482950,0.0
9.856980,1.267952,1.0
1.376087,9.155087,0.0
8.879892,-2.181494,1.0
3.125085,7.322712,0.0
7.059018,-8.336964,1.0
6.264299,7.627400,0.0
9.279282,2.414932,1.0
0.979938,9.925433,0.0
6.883682,-2.726803,1.0
1.455242,9.302929,0.0
0.827814,-4.485140,1.0
3.471164,9.941038,0.0
2.584960,-0.252602,1.0
3.622224,9.487802,0.0
8.728460,6.600213,1.0
9.873568,8.024993,0.0
2.681464,3.266399,1.0
1.320060,8.500642,0.0
0.723083,-4.867657,1.0
0.819830,9.550813,0.0
6.270689,-7.355690,1.0
5.461811,8.665415,0.0
4.091335,-4.465070,1.0
7.316449,9.023207,0.0
7.597579,-5.481253,1.0
2.546238,7.848556,0.0
1.702345,-7.635245,1.0
0.244999,9.076096,0.0
9.883234,3.529212,1.0
5.263428,6.973141,0.0
8.959330,7.016572,1.0
5.920610,9.075326,0.0
7.520493,2.462941,1.0
3.789223,8.187422,0.0
0.015192,-0.390971,1.0
1.637908,9.329075,0.0
9.427554,6.019630,1.0
8.848037,9.580559,0.0
6.145068,-9.701168,1.0
0.260299,7.937567,0.0
1.711102,5.288122,1.0
8.589082,8.677346,0.0
5.390635,-9.273196,1.0
6.327431,8.055193,0.0
4.067516,-5.074811,1.0
3.510728,7.923172,0.0
6.870972,-9.230909,1.0
8.270873,9.422613,0.0
9.638841,-9.988529,1.0
6.614505,9.995152,0.0
6.282347,3.343147,1.0
7.925126,9.037432,0.0
2.309815,-8.089887,1.0
5.148666,7.452321,0.0
2.878566,-9.886224,1.0
2.351363,9.745021,0.0
6.434754,6.033120,1.0
4.806328,9.980870,0.0
6.204954,2.001870,1.0
4.128262,7.478003,0.0
1.998474,5.020107,1.0
6.081292,9.313199,0.0
2.340944,-2.362033,1.0
0.433469,8.128308,0.0
6.172903,4.356465,1.0
9.501386,9.917742,0.0
3.717634,-5.914816,1.0
4.271431,9.976979,0.0
2.698952,-7.678161,1.0
9.359974,7.236271,0.0
5.013617,-3.061191,1.0
9.205055,9.745218,0.0
4.712392,-7.904266,1.0
8.331401,8.340282,0.0
2.801276,-8.126709,1.0
6.635071,8.253130,0.0
0.888570,-2.434458,1.0
1.148913,9.912694,0.0
1.627566,-1.894989,1.0
8.291033,8.953759,0.0
9.570080,-2.193854,1.0
0.753718,9.093024,0.0
1.144846,-7.419973,1.0
0.285311,8.087830,0.0
5.410433,-4.328154,1.0
9.289550,9.787732,0.0
1.046895,-0.689568,1.0
3.571106,9.829862,0.0
1.220103,1.301962,1.0
8.932585,9.979674,0.0
5.949020,-0.682418,1.0
0.336531,8.433552,0.0
1.770845,-5.349188,1.0
5.664517,7.417875,0.0
5.572361,-1.595735,1.0
2.798557,8.141245,0.0
9.768093,-5.783790,1.0
7.692448,8.787738,0.0
3.794502,-2.441378,1.0
6.534487,8.047281,0.0
1.643577,-3.519774,1.0
9.689059,7.609172,0.0
3.383508,1.914832,1.0
9.556996,7.773822,0.0
1.561000,0.296725,1.0
2.806985,8.801059,0.0
3.511074,-8.875360,1.0
1.016632,8.610776,0.0
8.297446,-0.678616,1.0
5.833734,9.024162,0.0
7.714139,-7.235857,1.0
9.418852,7.056242,0.0
0.663217,2.042391,1.0
2.479683,8.413304,0.0
0.986200,-0.899019,1.0
7.882267,8.904451,0.0
7.749739,7.764623,1.0
2.725894,7.640908,0.0
6.854468,-4.516155,1.0
3.878205,6.397115,0.0
5.775981,2.451072,1.0
8.422379,7.970226,0.0
3.959922,-2.067061,1.0
0.734533,8.117652,0.0
8.441892,-4.822585,1.0
2.673199,9.384311,0.0
0.272086,-4.692705,1.0
8.846606,7.959791,0.0
5.529925,-7.397378,1.0
1.261373,9.959030,0.0
8.529271,-7.391266,1.0
8.329849,9.908765,0.0
6.529759,0.177666,1.0
7.403164,7.989605,0.0
8.244963,-4.422804,1.0
5.521846,8.265674,0.0
7.975052,2.069772,1.0
6.051984,8.276934,0.0
1.055125,-3.712507,1.0
0.140947,9.556965,0.0
4.783805,-7.460687,1.0
1.391462,8.522204,0.0
6.691301,-8.753631,1.0
7.183630,8.110453,0.0
5.951859,-4.788187,1.0
7.941709,8.524563,0.0
5.804989,-1.991589,1.0
6.312698,9.003067,0.0
1.366394,-1.030149,1.0
3.496494,8.228433,0.0
3.186122,6.484668,1.0
1.008253,8.282174,0.0
1.252451,7.890513,1.0
9.093109,9.150687,0.0
5.101046,-4.105889,1.0
4.619626,6.823175,0.0
7.741336,5.533642,1.0
1.066547,8.180822,0.0
2.668623,-7.213752,1.0
5.812888,8.882063,0.0
7.090122,-3.371946,1.0
3.728054,8.960304,0.0
4.564356,-4.366761,1.0
4.570273,7.030824,0.0
2.649867,1.366697,1.0
3.374587,8.675212,0.0
5.721966,6.345038,1.0
7.249712,8.365601,0.0
6.636675,-5.322415,1.0
5.652996,9.958702,0.0
4.764957,-1.673359,1.0
7.693651,8.879359,0.0
3.289973,-1.756433,1.0
4.462883,9.071363,0.0
1.008226,-0.548416,1.0
1.943567,8.210163,0.0
5.543894,1.201205,1.0
8.137649,9.789538,0.0
6.916737,7.263142,1.0
9.793156,7.431215,0.0
6.079318,-0.827512,1.0
5.557968,7.106768,0.0
9.330988,0.653903,1.0
7.861553,9.647045,0.0
9.704652,0.943828,1.0
4.951026,6.754773,0.0
6.108128,6.752939,1.0
5.910911,7.871590,0.0
9.530734,-4.527987,1.0
3.400942,9.851690,0.0
8.379717,4.211948,1.0
0.746100,9.879173,0.0
3.168875,6.706671,1.0
3.903624,9.281411,0.0
6.687209,-6.531449,1.0
6.629062,7.856261,0.0
5.431970,-0.782208,1.0
2.580862,8.616455,0.0
6.886739,-0.231750,1.0
8.318499,9.605453,0.0
2.104493,-9.625250,1.0
9.127981,7.592960,0.0
2.177032,6.879988,1.0
2.197605,8.061930,0.0
7.161692,1.813192,1.0
4.779643,6.584928,0.0
7.201544,1.425462,1.0
2.394718,9.209469,0.0
3.847095,4.625761,1.0
3.979842,9.679128,0.0
7.775782,3.619326,1.0
6.676857,9.171357,0.0
2.484837,-5.219652,1.0
5.171502,8.972126,0.0
1.301900,-8.149922,1.0
4.592794,6.437134,0.0
7.281669,-4.574217,1.0
1.738954,8.640396,0.0
2.843007,-5.632637,1.0
9.034686,8.389324,0.0
3.406821,5.182479,1.0
5.850044,6.678827,0.0
2.596144,-3.891141,1.0
9.771275,8.329314,0.0
1.960079,-4.516853,1.0
6.165767,9.215465,0.0
5.782539,2.839483,1.0
5.108440,9.019206,0.0
9.480750,-4.671796,1.0
4.573597,9.377957,0.0
3.312126,2.425115,1.0
6.062811,9.065298,0.0
6.167242,-4.889065,1.0
7.751988,9.065453,0.0
2.677529,-7.780425,1.0
4.664467,8.278452,0.0
4.850757,2.011738,1.0
6.271081,9.223671,0.0
0.586698,-8.857560,1.0
7.218896,9.195252,0.0
6.484591,1.742477,1.0
2.113194,8.577405,0.0
6.122547,-7.034776,1.0
6.959515,9.428182,0.0
3.646187,-7.378187,1.0
0.453141,8.376449,0.0
2.425716,6.208645,1.0
3.720914,8.962465,0.0
5.358144,-2.214633,1.0
3.705350,8.328854,0.0
2.619164,-9.482960,1.0
7.771662,9.328307,0.0
7.157947,-3.507219,1.0
4.539615,8.925581,0.0
6.369170,1.937551,1.0
3.563521,6.836715,0.0
6.658196,-2.256007,1.0
2.005083,9.771512,0.0
9.515703,-9.229507,1.0
4.266911,7.590630,0.0
4.312119,-3.176998,1.0
7.890164,9.997475,0.0
2.525806,-7.801693,1.0
6.079895,7.919239,0.0
1.638551,6.431825,1.0
7.597777,8.334524,0.0
0.844687,1.986398,1.0
9.662407,8.431585,0.0
0.233315,-7.629664,1.0
2.356487,8.190281,0.0
0.140804,1.676843,1.0
3.184163,8.491073,0.0
8.664728,4.550494,1.0
8.452338,9.375202,0.0
7.544472,7.893131,1.0
2.136902,7.964734,0.0
3.191441,5.399438,1.0
7.970208,8.111390,0.0
5.316853,-9.375623,1.0
9.947299,7.702987,0.0
5.264773,-0.933027,1.0
4.581810,8.595497,0.0
6.280732,-9.536834,1.0
4.684716,8.410757,0.0
1.468791,0.737825,1.0
4.472975,8.918972,0.0
7.921583,4.496364,1.0
9.188929,9.332755,0.0
4.024722,-3.703657,1.0
0.351324,7.883132,0.0
4.509549,-6.420780,1.0
4.955263,7.241317,0.0
7.021507,-9.145214,1.0
1.329571,8.437884,0.0
3.785271,6.282806,1.0
6.176466,9.142709,0.0
8.795271,-6.177832,1.0
0.418681,8.707654,0.0
8.843361,-9.344224,1.0
3.122231,8.132862,0.0
7.517613,5.349582,1.0
2.454242,9.379086,0.0
0.730297,-2.606482,1.0
4.920767,7.329216,0.0
0.322258,1.139763,1.0
4.442634,8.940404,0.0
8.436779,2.493390,1.0
3.559562,8.226277,0.0
2.574532,-9.707986,1.0
6.601316,9.325425,0.0
7.829022,-5.719421,1.0
8.716362,8.357839,0.0
0.499033,3.040568,1.0
2.684400,8.685315,0.0
0.243722,1.229398,1.0
3.265585,7.874821,0.0
5.296874,-1.780967,1.0
2.938496,8.921295,0.0
5.494260,-6.364467,1.0
8.908177,9.892360,0.0
7.252652,-0.405699,1.0
4.123278,9.975727,0.0
0.104968,-2.440342,1.0
6.204983,8.862147,0.0
0.247841,-0.167259,1.0
0.488194,8.028427,0.0
2.401452,-7.835747,1.0
8.108991,9.124300,0.0
5.267613,-5.011326,1.0
0.361110,9.668117,0.0
3.391617,-4.782259,1.0
9.211251,7.397406,0.0
5.506659,-9.235851,1.0
5.028653,8.626341,0.0
2.292106,-3.838563,1.0
0.704157,7.909928,0.0
0.390995,-7.382811,1.0
7.272244,7.844133,0.0
5.845250,-7.996719,1.0
5.075906,6.299953,0.0
3.274427,-4.076302,1.0
0.887644,9.450315,0.0
3.596904,-4.289228,1.0
2.750991,8.361651,0.0
0.684933,-7.008276,1.0
4.392214,9.976971,0.0
2.364766,-1.672557,1.0
5.183408,9.018509,0.0
0.198937,-3.639842,1.0
6.208504,8.532594,0.0
3.248526,4.357501,1.0
6.111122,9.848634,0.0
9.989459,-4.883568,1.0
3.258347,7.215560,0.0
4.786783,-7.355291,1.0
4.237461,9.603304,0.0
1.846263,-9.741861,1.0
0.301341,7.857592,0.0
1.390197,-0.919527,1.0
6.397543,7.399346,0.0
7.017669,0.737027,1.0
4.010888,6.399130,0.0
0.448375,0.497407,1.0
6.618462,8.596730,0.0
8.114071,-4.258386,1.0
0.729135,7.828844,0.0
3.447782,2.380955,1.0
3.727964,8.354981,0.0
0.417641,6.712060,1.0
4.217004,8.072865,0.0
6.622005,0.854124,1.0
7.368213,9.024720,0.0
1.156228,-5.092612,1.0
2.386421,9.428900,0.0
7.131710,-5.236255,1.0
0.149910,9.815156,0.0
3.321989,-5.185478,1.0
4.261029,8.045489,0.0
6.341539,-5.952731,1.0
0.250705,7.438141,0.0
7.092919,-8.749109,1.0
9.845031,8.174730,0.0
6.724513,5.993369,1.0
3.638261,9.302957,0.0
2.006152,3.307749,1.0
6.020224,6.764126,0.0
6.659641,5.464299,1.0
3.595322,8.633901,0.0
9.946355,5.104630,1.0
5.283760,7.659115,0.0
1.865237,6.256395,1.0
9.571327,8.116208,0.0
7.783460,1.913448,1.0
7.143178,8.158271,0.0
5.157724,0.558466,1.0
