0.324437,9.209675,0.0
8.806396,1.900915,1.0
10.899342,4.184704,0.0
2.914600,1.561694,1.0
4.829266,9.427197,0.0
0.705925,1.457560,1.0
4.354656,1.722370,0.0
0.278488,4.662264,1.0
10.903855,4.535950,0.0
7.186631,8.214577,1.0
3.169197,6.702493,0.0
7.863670,3.327566,1.0
10.133850,6.047911,0.0
9.101805,2.875403,1.0
5.281125,2.856640,0.0
1.946611,5.120541,1.0
4.470747,4.387862,0.0
8.549259,2.796255,1.0
0.633173,8.431680,0.0
1.564615,6.079132,1.0
10.195615,2.132378,0.0
3.151113,4.825343,1.0
11.982130,6.030527,0.0
0.572141,2.143401,1.0
5.204455,7.431574,0.0
0.612181,7.665535,1.0
5.841947,3.620685,0.0
2.057071,2.466073,1.0
4.882800,5.421336,0.0
8.043342,6.360872,1.0
6.344073,9.353874,0.0
0.711383,4.458098,1.0
9.621882,8.680669,0.0
7.553430,3.998758,1.0
5.145327,6.622901,0.0
1.379912,5.756348,1.0
5.228671,1.304108,0.0
1.444433,8.692918,1.0
10.919202,9.807216,0.0
1.799460,7.033011,1.0
4.800664,6.886085,0.0
9.233224,0.551230,1.0
10.413697,8.877840,0.0
6.933326,0.362070,1.0
5.804008,6.204139,0.0
7.972828,3.268819,1.0
11.357164,7.358902,0.0
1.335092,6.298646,1.0
5.865588,9.805612,0.0
9.389067,4.879596,1.0
10.940264,1.492020,0.0
8.010036,0.913126,1.0
12.229559,5.283746,0.0
2.613302,1.825834,1.0
6.382036,7.089502,0.0
12.532136,2.127815,1.0
4.505018,2.751231,0.0
12.483536,2.122803,1.0
9.996012,2.518144,0.0
1.070109,2.264915,1.0
10.063743,8.394402,0.0
12.220222,0.403616,1.0
4.485956,7.798330,0.0
8.208655,7.362233,1.0
9.223974,6.824941,0.0
8.522984,1.385388,1.0
5.298474,4.898314,0.0
7.500093,0.636705,1.0
11.040050,6.100621,0.0
7.440742,6.842428,1.0
11.785341,4.058077,0.0
8.793315,6.939769,1.0
3.366746,8.828484,0.0
0.412894,2.281923,1.0
2.869421,7.313941,0.0
6.803577,5.023718,1.0
4.568052,5.796849,0.0
3.165767,0.818134,1.0
10.360023,1.012728,0.0
1.160205,7.257493,1.0
6.028330,6.420254,0.0
6.553519,0.604822,1.0
11.034680,4.278656,0.0
1.728543,8.550625,1.0
12.262511,6.009531,0.0
2.740667,5.285427,1.0
10.139035,5.395413,0.0
0.878736,2.734043,1.0
9.607453,5.702517,0.0
2.340422,2.180180,1.0
11.002009,7.313364,0.0
5.183734,0.297412,1.0
10.817491,9.464338,0.0
8.965110,4.630927,1.0
2.492726,9.176699,0.0
3.495575,1.864487,1.0
3.540770,6.333100,0.0
0.507967,3.847555,1.0
5.010792,7.271110,0.0
6.972359,2.408448,1.0
11.046085,6.814593,0.0
1.789064,7.983239,1.0
5.403201,5.579551,0.0
6.927485,2.235182,1.0
10.684642,2.662430,0.0
9.383785,4.229708,1.0
10.941392,6.580712,0.0
2.541019,5.081945,1.0
10.415586,4.149108,0.0
2.773203,0.444001,1.0
2.929339,8.688761,0.0
2.514284,7.505621,1.0
10.495501,2.979844,0.0
2.806878,0.824238,1.0
3.734540,7.918510,0.0
8.047551,2.661033,1.0
5.000105,4.335311,0.0
7.937963,6.961529,1.0
4.783533,7.765525,0.0
6.510391,3.786146,1.0
4.720490,4.603059,0.0
1.788027,4.120626,1.0
2.882154,7.610571,0.0
1.092231,8.135170,1.0
9.797631,9.256561,0.0
1.043041,0.241100,1.0
12.516897,8.312411,0.0
8.402718,2.878124,1.0
5.214340,9.641099,0.0
9.998846,0.415850,1.0
11.555052,4.036709,0.0
6.233488,0.324812,1.0
11.446850,6.880456,0.0
12.270366,1.064529,1.0
11.564311,7.871158,0.0
0.693238,1.768413,1.0
11.336416,9.872397,0.0
6.756116,0.250465,1.0
12.022988,2.485629,0.0
7.504542,0.141138,1.0
10.573917,1.752143,0.0
6.979675,0.257239,1.0
4.284587,4.575070,0.0
9.679623,0.945230,1.0
4.936194,9.544034,0.0
8.277492,8.020389,1.0
10.913555,4.279387,0.0
0.552100,4.102072,1.0
4.423024,6.110431,0.0
3.209902,1.111157,1.0
5.919022,4.463555,0.0
0.876449,2.139513,1.0
11.055553,3.446187,0.0
0.079334,1.065960,1.0
10.172995,9.597187,0.0
0.200515,1.802004,1.0
9.357168,8.246989,0.0
9.448586,0.924892,1.0
5.862959,4.646665,0.0
8.174215,6.732191,1.0
9.978976,4.664830,0.0
2.251513,3.057052,1.0
12.413538,5.926330,0.0
1.676389,1.003629,1.0
8.943047,9.554579,0.0
0.303857,3.955094,1.0
4.106997,9.378517,0.0
5.951626,0.529832,1.0
6.147880,5.352738,0.0
1.483297,8.489137,1.0
4.606921,5.656226,0.0
7.158531,2.384968,1.0
5.222206,4.846599,0.0
7.633557,5.659587,1.0
9.215841,8.058131,0.0
3.772942,1.532289,1.0
3.997348,2.871723,0.0
2.851916,3.197653,1.0
3.717023,3.648747,0.0
0.887866,4.838630,1.0
3.583329,5.546736,0.0
6.832082,6.266905,1.0
9.890654,3.395073,0.0
1.236757,1.105780,1.0
6.094148,6.709764,0.0
1.252193,7.559375,1.0
10.450197,7.051535,0.0
6.476017,4.044554,1.0
5.070329,3.552137,0.0
12.176850,0.319153,1.0
5.022446,3.133332,0.0
0.947444,1.675329,1.0
11.371021,2.698439,0.0
3.354368,3.287782,1.0
9.747249,5.412663,0.0
0.796724,5.849060,1.0
10.000249,9.181371,0.0
1.628580,1.585895,1.0
5.204072,2.312972,0.0
1.208673,5.500788,1.0
4.761601,4.437353,0.0
12.436341,0.911487,1.0
1.268072,9.932288,0.0
2.461897,6.849913,1.0
11.553792,7.185988,0.0
8.178822,8.352014,1.0
2.891109,7.384387,0.0
11.805324,1.313404,1.0
5.501114,5.125848,0.0
0.162405,2.098827,1.0
5.174241,3.325450,0.0
1.047016,3.403122,1.0
4.446917,5.670636,0.0
8.007867,1.901792,1.0
4.301956,6.877128,0.0
8.996324,2.103081,1.0
11.146014,3.323045,0.0
0.533602,6.703026,1.0
9.751816,6.494736,0.0
8.836979,0.926929,1.0
11.188019,5.116188,0.0
3.529252,2.279708,1.0
9.236666,6.586873,0.0
7.006687,1.541227,1.0
4.273755,9.700366,0.0
1.363581,7.333495,1.0
5.088314,4.085813,0.0
0.329299,4.237412,1.0
10.281844,5.401969,0.0
1.117837,0.606914,1.0
10.737428,8.649383,0.0
0.222174,1.488645,1.0
12.127421,9.224489,0.0
7.522526,0.670666,1.0
4.085765,5.416553,0.0
7.539239,4.194120,1.0
10.824825,7.547215,0.0
7.601174,2.546591,1.0
0.692357,9.992154,0.0
0.501722,0.327516,1.0
5.732490,9.685010,0.0
7.499158,8.131419,1.0
5.975886,5.003823,0.0
1.744232,8.374411,1.0
10.960330,9.873326,0.0
1.253551,5.729465,1.0
4.266009,6.108273,0.0
2.197091,5.177788,1.0
3.884358,1.679883,0.0
8.716985,6.059789,1.0
10.952139,0.319496,0.0
12.286901,2.205166,1.0
2.802127,7.289460,0.0
7.900575,6.917031,1.0
5.712645,4.259097,0.0
2.513106,1.756383,1.0
11.983444,3.599865,0.0
8.584030,7.840369,1.0
3.863891,7.939235,0.0
5.939842,2.921469,1.0
10.203210,3.709886,0.0
2.573983,5.952830,1.0
11.585709,4.056907,0.0
8.995005,4.461818,1.0
12.291743,6.971189,0.0
6.007165,3.348539,1.0
11.186468,4.374509,0.0
3.577886,2.748823,1.0
11.898622,9.142988,0.0
7.786998,7.876047,1.0
11.757678,4.071322,0.0
8.438102,6.115742,1.0
4.752557,3.479408,0.0
7.197777,7.289536,1.0
6.582382,6.631407,0.0
0.479738,6.303267,1.0
11.317670,9.142605,0.0
12.271043,0.121751,1.0
6.005400,9.740297,0.0
6.489242,0.920108,1.0
5.348628,5.680614,0.0
9.335253,5.140617,1.0
10.490428,5.126240,0.0
8.432479,0.909499,1.0
10.961981,1.954253,0.0
6.454241,2.805240,1.0
9.641213,7.234717,0.0
8.441240,8.092396,1.0
11.175319,5.266209,0.0
2.171794,6.847132,1.0
3.517417,3.994598,0.0
9.068988,3.958841,1.0
9.525418,8.512228,0.0
6.297783,0.244708,1.0
3.524402,7.418986,0.0
1.123244,2.918575,1.0
4.289596,1.573252,0.0
2.075151,4.280613,1.0
5.356590,2.174803,0.0
2.413806,3.658930,1.0
9.917759,5.923532,0.0
8.544192,5.033359,1.0
4.881687,0.537617,0.0
7.197344,1.495440,1.0
4.859915,9.343226,0.0
2.017463,2.725435,1.0
5.507587,1.687527,0.0
2.847447,3.419688,1.0
5.907853,5.085715,0.0
7.051213,7.050994,1.0
3.516844,6.333992,0.0
6.784686,2.357370,1.0
0.393933,8.687211,0.0
7.476142,0.300985,1.0
10.869222,1.336747,0.0
8.424778,7.915497,1.0
3.281924,4.369650,0.0
0.890627,1.771658,1.0
5.545375,7.099036,0.0
8.394557,3.726335,1.0
10.699822,5.688232,0.0
2.656590,0.794100,1.0
0.471597,7.416791,0.0
7.500949,2.084100,1.0
3.234400,8.755766,0.0
1.227202,3.316353,1.0
9.993407,7.672644,0.0
2.117148,5.976943,1.0
5.638648,4.579251,0.0
6.450379,1.150029,1.0
10.731455,8.767432,0.0
7.365013,3.992851,1.0
9.854355,7.917091,0.0
3.211466,2.028381,1.0
3.057080,7.184935,0.0
9.055733,6.672637,1.0
12.013519,5.839478,0.0
6.087126,2.788402,1.0
5.868418,7.661682,0.0
12.420632,0.800865,1.0
4.038005,6.643085,0.0
0.424379,5.890621,1.0
4.597964,5.865036,0.0
1.146486,3.772414,1.0
3.711909,5.246358,0.0
6.960283,0.905762,1.0
3.945880,4.511320,0.0
2.202391,6.071467,1.0
3.961912,8.925976,0.0
1.362057,6.950108,1.0
0.574059,7.804422,0.0
12.477400,0.051269,1.0
11.930380,3.883178,0.0
5.748287,0.953700,1.0
11.113117,3.333253,0.0
2.490859,4.211129,1.0
5.807643,4.822875,0.0
0.843005,4.836135,1.0
11.778161,8.022265,0.0
8.933586,3.008762,1.0
10.380827,9.259408,0.0
7.422952,8.901472,1.0
5.029443,6.714090,0.0
1.046622,8.137462,1.0
11.490042,4.545632,0.0
8.109370,9.462317,1.0
3.974142,2.500067,0.0
7.561527,2.293168,1.0
12.052990,3.752425,0.0
3.456805,3.334105,1.0
3.596361,9.837005,0.0
0.687581,6.115285,1.0
7.220345,9.121215,0.0
0.327033,3.931127,1.0
10.280213,3.590191,0.0
1.049370,4.888918,1.0
10.116739,7.185778,0.0
1.715909,9.577434,1.0
9.974460,4.274608,0.0
1.002703,0.730648,1.0
0.000668,8.929105,0.0
1.837822,0.112092,1.0
4.945510,4.141164,0.0
0.673158,3.202639,1.0
8.489180,9.269419,0.0
1.413690,7.520208,1.0
2.687811,8.363380,0.0
6.221077,4.332294,1.0
3.594797,8.915946,0.0
6.279208,1.805381,1.0
3.823127,2.743865,0.0
7.720887,3.666231,1.0
10.491916,5.035506,0.0
2.190918,2.620471,1.0
3.051858,7.342103,0.0
2.037689,3.251245,1.0
4.614539,7.541936,0.0
9.203429,2.049882,1.0
5.241048,6.851384,0.0
1.525686,5.414891,1.0
10.134720,7.682279,0.0
7.611864,5.523165,1.0
9.853667,8.713046,0.0
8.997231,4.232779,1.0
5.428116,8.801466,0.0
7.843535,4.029322,1.0
11.758380,3.460383,0.0
7.647231,8.548376,1.0
4.984938,1.486307,0.0
0.454814,2.951121,1.0
11.923665,4.075904,0.0
8.703118,0.594638,1.0
5.123831,9.121852,0.0
1.223566,4.693939,1.0
3.762267,8.766478,0.0
5.608463,0.875089,1.0
3.987939,7.028871,0.0
1.077241,7.646442,1.0
4.718447,7.269465,0.0
7.335146,4.543964,1.0
4.330493,8.546617,0.0
3.755776,1.952947,1.0
3.996827,5.902029,0.0
6.777949,2.260129,1.0
10.438697,3.244440,0.0
11.680429,0.898542,1.0
2.925431,6.421449,0.0
6.657638,3.146087,1.0
11.640352,4.879355,0.0
9.202751,2.984285,1.0
11.283212,8.290295,0.0
6.266601,3.190638,1.0
6.356026,9.216154,0.0
7.408969,1.885839,1.0
9.108942,8.323768,0.0
9.507158,4.300706,1.0
10.694744,7.768495,0.0
7.966738,1.821046,1.0
10.217506,4.907461,0.0
6.597965,5.045507,1.0
9.564822,5.537116,0.0
2.904809,0.623405,1.0
4.619241,0.438396,0.0
2.486222,2.190596,1.0
5.192601,8.883968,0.0
8.155745,9.710299,1.0
3.980182,3.279077,0.0
1.810712,7.525014,1.0
5.577977,3.137294,0.0
6.966366,2.263844,1.0
10.596139,8.965560,0.0
8.921068,5.588479,1.0
4.676892,1.490183,0.0
6.911724,1.438813,1.0
3.534307,9.896799,0.0
6.915154,7.323955,1.0
4.674038,3.319336,0.0
0.226785,3.151982,1.0
4.629012,1.112858,0.0
8.232508,6.382497,1.0
11.947099,7.492800,0.0
1.880047,4.851785,1.0
4.956507,1.231200,0.0
3.483512,0.524824,1.0
5.335769,3.702098,0.0
1.455281,3.784099,1.0
0.621227,8.656508,0.0
10.937162,0.007097,1.0
11.664212,4.005979,0.0
11.746988,1.093026,1.0
5.514583,5.265155,0.0
1.825636,7.131631,1.0
5.794366,7.247722,0.0
2.370753,7.845630,1.0
6.652052,8.432748,0.0
1.014181,4.252160,1.0
2.522548,8.039704,0.0
7.942346,5.581974,1.0
2.554015,8.898406,0.0
6.927659,4.566892,1.0
3.786186,8.664939,0.0
2.051429,7.007899,1.0
2.346217,9.685106,0.0
8.186574,2.040372,1.0
6.112336,9.957781,0.0
0.538459,1.668230,1.0
9.987054,2.709266,0.0
5.823024,0.538913,1.0
6.034306,6.343842,0.0
1.188834,0.159557,1.0
4.559074,5.731422,0.0
10.068357,0.105715,1.0
4.846472,9.554698,0.0
7.295473,3.923172,1.0
11.676462,7.836306,0.0
8.882095,4.340625,1.0
3.634199,5.905851,0.0
12.107483,2.571166,1.0
4.512734,5.953414,0.0
1.495467,1.249364,1.0
10.132492,7.880091,0.0
0.858412,0.904673,1.0
2.799267,9.037375,0.0
1.468058,4.672011,1.0
3.127506,9.095128,0.0
0.304509,2.676644,1.0
10.845265,0.932155,0.0
8.452487,8.513569,1.0
10.552077,9.651537,0.0
1.215821,1.106854,1.0
3.647682,6.241051,0.0
4.208759,0.405184,1.0
12.479537,8.637865,0.0
8.297160,1.082583,1.0
6.240156,9.494550,0.0
0.136183,1.385212,1.0
3.408613,8.791039,0.0
1.240071,5.439345,1.0
11.392416,8.842082,0.0
6.763133,4.107964,1.0
3.199101,6.643894,0.0
2.097173,8.813420,1.0
10.730986,2.489979,0.0
6.230703,3.077007,1.0
6.610084,7.138693,0.0
0.021289,4.735758,1.0
4.872901,3.033918,0.0
1.323345,9.196962,1.0
4.201845,7.938823,0.0
6.605941,1.720251,1.0
4.076892,6.739994,0.0
8.476446,8.949936,1.0
10.956543,9.223334,0.0
8.266963,7.209762,1.0
5.626293,9.331412,0.0
7.755443,5.835172,1.0
3.911274,1.664068,0.0
2.540804,2.199728,1.0
3.742649,6.378683,0.0
8.210191,7.897608,1.0
7.114897,8.796170,0.0
9.076195,0.342535,1.0
10.828764,0.232768,0.0
2.677949,6.454543,1.0
9.526043,6.878382,0.0
7.585253,9.612762,1.0
10.683035,1.166212,0.0
2.398338,6.775746,1.0
4.263459,2.002991,0.0
6.365100,0.578723,1.0
10.228728,4.996092,0.0
8.074432,2.187532,1.0
12.498817,6.500767,0.0
1.465699,3.122116,1.0
10.803502,2.366529,0.0
6.582109,2.977745,1.0
8.741916,9.505694,0.0
2.772482,0.794871,1.0
11.802451,2.887026,0.0
7.593390,8.441088,1.0
3.077464,9.811186,0.0
8.307118,4.259682,1.0
3.111665,7.235469,0.0
8.196030,8.503620,1.0
5.978447,9.247554,0.0
11.705058,0.298450,1.0
10.631424,0.884356,0.0
9.195090,0.519424,1.0
12.515199,5.596609,0.0
2.768018,1.098613,1.0
5.516645,2.843558,0.0
2.111023,4.053875,1.0
4.375685,2.976802,0.0
1.389259,0.761857,1.0
5.683790,8.336681,0.0
1.143730,6.912954,1.0
4.957439,3.686084,0.0
2.523505,0.834565,1.0
12.009045,6.002346,0.0
1.800354,8.990216,1.0
10.767306,8.253388,0.0
6.763259,5.786329,1.0
6.451010,9.582707,0.0
8.244056,0.833937,1.0
11.831841,5.976284,0.0
8.877551,3.566677,1.0
6.454705,9.009516,0.0
2.649854,0.698972,1.0
0.459679,8.015485,0.0
7.865949,3.809866,1.0
3.035599,9.878607,0.0
2.098872,1.545109,1.0
10.868943,7.609360,0.0
0.649988,3.324749,1.0
11.370946,1.694003,0.0
1.394354,8.900732,1.0
11.827517,8.143015,0.0
12.130648,2.395994,1.0
11.810870,5.493375,0.0
8.993254,1.046730,1.0
10.762182,9.725777,0.0
1.428204,1.639758,1.0
11.018259,4.650308,0.0
9.709540,1.079941,1.0
4.406214,1.292104,0.0
8.028299,5.174032,1.0
5.546518,2.381196,0.0
12.390789,1.672468,1.0
11.523150,7.358083,0.0
5.686158,0.009841,1.0
11.084849,5.267416,0.0
7.385100,2.654576,1.0
5.288230,7.890129,0.0
7.093613,4.136719,1.0
9.759977,5.642299,0.0
0.157835,0.978953,1.0
4.106016,6.268879,0.0
1.317893,6.278836,1.0
10.558702,8.264038,0.0
6.730795,1.599006,1.0
5.652474,9.499217,0.0
5.770648,0.020871,1.0
11.460194,5.347972,0.0
7.203839,8.360156,1.0
11.494764,7.702163,0.0
0.309964,5.638128,1.0
0.011706,6.565734,0.0
8.327200,2.842909,1.0
3.244112,8.652443,0.0
2.028075,4.662902,1.0
11.809436,6.313527,0.0
1.816262,1.751787,1.0
11.854486,8.842687,0.0
6.992059,5.892952,1.0
3.581755,4.492942,0.0
3.606937,1.286734,1.0
4.491220,8.202548,0.0
8.204470,1.381935,1.0
4.837532,9.984524,0.0
12.432654,1.595421,1.0
5.336775,7.152574,0.0
2.619654,6.786707,1.0
5.259546,4.252543,0.0
6.606089,3.706583,1.0
2.869613,9.878330,0.0
6.204477,2.309859,1.0
11.881269,7.046059,0.0
10.401087,0.223573,1.0
9.549076,4.935389,0.0
8.183028,4.606782,1.0
9.907804,2.769520,0.0
8.860508,5.627116,1.0
6.199554,6.466928,0.0
3.492552,1.432994,1.0
5.442605,2.585734,0.0
12.532851,1.684516,1.0
8.387512,9.497162,0.0
8.289556,9.380792,1.0
3.742148,9.677903,0.0
8.180719,3.732851,1.0
10.093613,7.888212,0.0
9.029823,0.136659,1.0
5.916020,4.322733,0.0
2.741294,3.671851,1.0
3.515459,7.801306,0.0
8.227849,4.066518,1.0
6.252126,9.590681,0.0
0.725333,1.033654,1.0
10.279055,8.098206,0.0
8.225173,8.287097,1.0
7.304863,9.513937,0.0
0.926926,7.252300,1.0
12.133876,5.569299,0.0
1.787532,7.497170,1.0
6.197258,5.756333,0.0
8.403004,6.697549,1.0
5.553004,9.129455,0.0
2.150961,8.212891,1.0
5.092897,5.386946,0.0
4.200509,0.069109,1.0
11.320196,2.931780,0.0
5.885901,1.485812,1.0
9.889334,5.749036,0.0
1.236057,1.747243,1.0
7.025171,8.752440,0.0
2.831848,4.788328,1.0
5.410990,9.747352,0.0
1.464634,8.867402,1.0
5.566781,3.386449,0.0
7.608156,5.929655,1.0
12.199956,9.355787,0.0
3.401279,0.692665,1.0
12.556572,8.948308,0.0
3.154720,3.076396,1.0
6.272075,6.406871,0.0
8.138637,0.902793,1.0
4.076276,8.496792,0.0
7.013901,8.020403,1.0
11.193358,6.529460,0.0
0.787899,7.828742,1.0
2.436697,9.811625,0.0
8.105044,1.604630,1.0
11.331884,9.258889,0.0
5.307854,0.350866,1.0
12.095168,7.860921,0.0
9.620626,1.888490,1.0
12.375320,4.775509,0.0
2.496955,5.733174,1.0
9.366882,8.164797,0.0
7.225957,4.180949,1.0
11.563532,7.446278,0.0
12.047503,0.367143,1.0
5.822856,8.283353,0.0
2.304582,2.826019,1.0
3.588450,4.032554,0.0
6.453316,0.432690,1.0
3.863624,4.365950,0.0
2.353304,4.465333,1.0
11.128371,7.349873,0.0
11.702823,0.409311,1.0
12.373977,6.821662,0.0
2.098907,2.011952,1.0
6.130244,9.466829,0.0
2.362046,1.382524,1.0
10.801549,6.236943,0.0
8.393795,3.527324,1.0
4.688075,1.056560,0.0
1.284303,7.019805,1.0
4.322234,8.090876,0.0
6.844526,2.705604,1.0
3.881124,8.419001,0.0
11.918916,0.560065,1.0
3.785870,4.440813,0.0
8.472348,4.147351,1.0
5.687122,2.893610,0.0
0.088385,2.108822,1.0
10.797591,3.304781,0.0
6.741467,4.328424,1.0
9.833292,6.204034,0.0
1.510991,8.882001,1.0
12.312636,6.405286,0.0
7.249699,1.717176,1.0
3.161796,7.711445,0.0
7.852202,9.953895,1.0
4.741131,0.667983,0.0
8.523291,5.480692,1.0
5.020006,0.495259,0.0
7.374318,8.448166,1.0
10.462495,1.530903,0.0
12.423060,3.276071,1.0
2.922644,9.154783,0.0
1.405079,2.351193,1.0
11.126985,8.811943,0.0
2.929127,5.862894,1.0
11.006440,6.580267,0.0
0.923094,6.003512,1.0
5.932781,8.483176,0.0
8.460604,7.072511,1.0
10.991264,3.598450,0.0
7.907852,4.243881,1.0
11.887417,9.280147,0.0
1.806198,7.144262,1.0
4.530641,5.444774,0.0
0.408431,2.589970,1.0
12.097784,2.853400,0.0
8.920151,3.320959,1.0
12.560189,7.323800,0.0
1.399408,6.497396,1.0
11.189029,8.628023,0.0
1.490196,0.753813,1.0
11.722851,8.276738,0.0
8.970893,1.979717,1.0
3.892617,2.136485,0.0
2.477210,1.663023,1.0
0.529253,8.540189,0.0
6.229143,2.202046,1.0
2.951050,9.065530,0.0
1.141663,9.266695,1.0
12.101914,8.080018,0.0
1.092906,7.164921,1.0
9.023714,8.437503,0.0
1.553519,7.669335,1.0
10.706684,7.455855,0.0
0.699511,5.663179,1.0
11.429338,2.654599,0.0
7.345126,8.016274,1.0
11.531817,3.278117,0.0
6.668205,4.482489,1.0
3.534737,5.637128,0.0
7.400674,0.949559,1.0
11.613928,1.475738,0.0
1.067393,5.943205,1.0
11.641806,4.336883,0.0
12.560476,1.156060,1.0
12.449447,6.199462,0.0
2.263465,2.906105,1.0
3.655917,6.381076,0.0
8.481666,8.768116,1.0
9.292030,7.056104,0.0
2.439541,7.845276,1.0
3.130286,6.281652,0.0
7.193704,2.815424,1.0
11.090006,4.239173,0.0
9.782771,0.508731,1.0
4.168134,7.066699,0.0
0.004808,4.301372,1.0
3.960928,5.771101,0.0
6.154231,0.294906,1.0
9.407337,9.233636,0.0
12.212937,2.974006,1.0
10.330724,9.152446,0.0
6.478002,0.591286,1.0
9.722635,6.207945,0.0
1.969603,2.622815,1.0
6.172665,6.840095,0.0
1.849865,1.171415,1.0
11.459955,2.147378,0.0
1.242151,3.249174,1.0
11.140458,9.013704,0.0
4.179616,0.626168,1.0
11.817366,2.369361,0.0
2.325865,7.477330,1.0
6.356056,9.610368,0.0
1.827475,1.725918,1.0
6.239392,9.289121,0.0
2.831631,1.890850,1.0
11.949795,3.562971,0.0
3.048562,3.247321,1.0
9.707661,5.939217,0.0
0.529870,6.789260,1.0
8.923474,7.767692,0.0
2.016757,3.282920,1.0
3.768193,8.015589,0.0
0.300983,5.529186,1.0
11.354996,8.367604,0.0
0.850481,4.832794,1.0
5.997866,8.977905,0.0
2.082039,6.410284,1.0
4.622928,9.747575,0.0
1.460714,6.438946,1.0
3.854312,9.823997,0.0
2.402170,8.034786,1.0
10.135480,7.842158,0.0
3.414701,0.206488,1.0
0.566633,8.480596,0.0
2.112779,7.540418,1.0
9.071578,8.602969,0.0
7.292680,6.578712,1.0
10.569221,8.950852,0.0
8.756376,2.901775,1.0
3.523665,7.554786,0.0
0.091376,2.118396,1.0
4.872536,8.145724,0.0
6.511097,3.224826,1.0
3.768550,2.798910,0.0
1.599672,4.951045,1.0
10.991728,9.806326,0.0
6.182124,3.350067,1.0
5.744765,3.850462,0.0
5.930654,0.033462,1.0
3.020550,8.609747,0.0
1.037523,6.440629,1.0
9.617118,4.971597,0.0
9.598984,2.438440,1.0
3.604248,5.319714,0.0
2.330721,2.430952,1.0
8.802506,9.872308,0.0
9.259700,4.650220,1.0
10.518061,4.701484,0.0
0.945312,3.161518,1.0
11.338805,1.822376,0.0
6.889728,7.251228,1.0
5.757415,3.034887,0.0
9.223020,4.072577,1.0
6.415050,8.634003,0.0
2.111891,5.668599,1.0
2.684872,9.055205,0.0
1.047807,3.980538,1.0
4.748253,5.919671,0.0
2.390592,3.171052,1.0
4.998916,8.427120,0.0
7.178762,2.964076,1.0
9.073832,8.749517,0.0
1.447485,9.507668,1.0
6.760486,8.702095,0.0
7.684620,8.614709,1.0
9.317589,8.892113,0.0
3.675768,1.872183,1.0
11.346983,1.202460,0.0
0.997002,4.484593,1.0
12.252797,6.081079,0.0
5.894893,1.757698,1.0
3.700819,6.925312,0.0
9.652066,2.379509,1.0
3.033893,7.055583,0.0
0.714517,6.371123,1.0
4.684542,3.809552,0.0
8.965965,6.071435,1.0
3.276025,5.480631,0.0
0.241721,2.924753,1.0
4.387015,4.508146,0.0
8.483670,5.569987,1.0
5.989402,5.766109,0.0
1.244189,0.514444,1.0
6.152650,9.144847,0.0
9.363484,2.717619,1.0
6.310997,6.967335,0.0
0.861366,0.409680,1.0
10.122914,9.784261,0.0
2.268514,0.438515,1.0
0.152996,6.253392,0.0
0.964268,6.689315,1.0
9.191313,9.999663,0.0
5.440195,0.349467,1.0
4.392756,1.287411,0.0
6.798732,0.221459,1.0
11.472486,9.740154,0.0
6.516936,1.319077,1.0
12.230401,6.544405,0.0
2.274326,8.162658,1.0
12.300048,8.044431,0.0
3.451329,0.090089,1.0
5.191406,2.905966,0.0
0.709085,3.713615,1.0
5.939880,3.429087,0.0
3.356610,3.262933,1.0
0.145717,8.908777,0.0
7.531919,6.299546,1.0
11.131887,4.373595,0.0
8.812741,6.759028,1.0
11.284304,2.895083,0.0
2.600167,6.157889,1.0
3.243395,9.057862,0.0
6.903050,5.430264,1.0
3.531201,8.345431,0.0
2.079715,5.327624,1.0
5.674061,8.220866,0.0
0.358623,6.433133,1.0
3.591880,9.910652,0.0
5.906883,2.111003,1.0
12.107996,9.435753,0.0
8.420069,4.937565,1.0
0.278806,8.919887,0.0
8.229891,1.387278,1.0
10.524096,5.429074,0.0
8.095743,7.202612,1.0
5.411107,1.317322,0.0
0.279647,0.160432,1.0
11.439597,9.872531,0.0
9.589257,2.341096,1.0
5.338642,2.127849,0.0
8.675750,4.563957,1.0
11.081991,7.044133,0.0
0.928543,8.872488,1.0
12.454623,5.416107,0.0
12.183738,2.453911,1.0
3.615323,3.448075,0.0
2.255946,2.343365,1.0
6.196630,7.363021,0.0
0.378728,5.325814,1.0
5.022823,8.180088,0.0
8.425779,1.300702,1.0
10.316963,5.106451,0.0
5.169510,0.049802,1.0
4.831046,3.241665,0.0
7.053813,1.823553,1.0
10.624745,1.565604,0.0
3.899250,0.848850,1.0
10.977556,0.265124,0.0
7.459079,2.087657,1.0
9.116374,7.719988,0.0
12.360783,0.345488,1.0
12.246634,3.651801,0.0
7.315935,7.603009,1.0
4.740902,7.593863,0.0
0.068882,1.266187,1.0
11.113847,3.094222,0.0
0.381002,5.749886,1.0
10.466747,8.397772,0.0
1.692530,6.883459,1.0
8.782946,8.259949,0.0
12.426731,2.382234,1.0
10.305657,3.892935,0.0
6.344158,0.488385,1.0
10.409818,7.005603,0.0
9.400893,3.044570,1.0
0.120828,6.022535,0.0
0.928712,1.141822,1.0
10.928607,5.588709,0.0
8.830605,5.689081,1.0
10.974498,9.358257,0.0
8.176074,1.596175,1.0
0.412568,7.931949,0.0
2.846766,4.319812,1.0
3.875833,7.665492,0.0
1.235515,4.496033,1.0
9.179340,9.875356,0.0
6.426760,5.255539,1.0
10.856579,2.251561,0.0
2.492410,4.951868,1.0
10.815800,6.845662,0.0
9.608072,3.987042,1.0
10.797684,4.553948,0.0
4.045023,0.512245,1.0
4.804988,4.728746,0.0
12.127570,1.223578,1.0
6.205418,4.890278,0.0
2.508640,2.022872,1.0
8.639459,9.184196,0.0
3.943376,1.025573,1.0
10.369807,1.871344,0.0
8.762183,0.563620,1.0
3.306716,5.955619,0.0
6.630016,3.719544,1.0
3.201567,9.633292,0.0
2.344790,0.598861,1.0
5.433647,2.772004,0.0
8.288502,5.285267,1.0
4.970320,5.968889,0.0
1.840575,6.930855,1.0
0.041070,9.299596,0.0
7.844243,3.496646,1.0
11.689163,7.715947,0.0
1.175187,7.635868,1.0
11.946161,4.951826,0.0
6.295714,2.571918,1.0
9.923105,7.411389,0.0
9.846395,1.451469,1.0
3.528847,6.860104,0.0
0.287191,1.063854,1.0
6.706179,2.366113,0.0
2.794426,4.295223,1.0
4.032754,6.415978,0.0
1.076088,2.225677,1.0
3.445147,7.414751,0.0
3.166659,2.752173,1.0
9.751232,8.687229,0.0
8.310846,4.118037,1.0
5.222067,2.978209,0.0
8.186546,1.655627,1.0
8.723987,9.705192,0.0
1.043565,7.244448,1.0
9.370641,8.444681,0.0
0.157035,0.282498,1.0
4.581965,1.881457,0.0
9.744043,2.541378,1.0
10.282648,6.149922,0.0
6.428999,5.195158,1.0
6.399394,9.242780,0.0
3.301821,0.489997,1.0
12.272906,5.032458,0.0
4.445135,1.841220,1.0
10.685618,5.717675,0.0
8.826261,7.578446,1.0
0.038183,0.676699,0.0
8.350827,8.855108,1.0
9.671171,7.902796,0.0
0.417248,0.520598,1.0
4.300469,6.986802,0.0
1.014809,2.654863,1.0
6.489573,5.348190,0.0
1.073854,2.346791,1.0
4.041564,4.239698,0.0
0.016016,4.208509,1.0
4.057694,9.975758,0.0
6.518374,0.557389,1.0
0.265283,8.045137,0.0
2.667021,0.297332,1.0
5.909620,8.725107,0.0
12.446173,2.409909,1.0
10.375453,7.390016,0.0
8.405656,2.162585,1.0
5.883434,8.486630,0.0
0.806182,2.345805,1.0
11.313217,9.588709,0.0
7.767719,0.027233,1.0
10.568456,8.726092,0.0
2.138055,5.602551,1.0
4.109381,1.265650,0.0
6.867674,2.289693,1.0
10.780815,8.938662,0.0
12.438658,1.898040,1.0
0.845796,2.167760,0.0
6.493758,1.329035,1.0
11.983525,4.684678,0.0
0.297077,3.287154,1.0
5.797194,5.063329,0.0
1.810569,5.613971,1.0
11.105786,5.281212,0.0
4.247979,4.959366,1.0
6.910849,9.738470,0.0
7.656892,7.756410,1.0
8.601377,9.851129,0.0
5.633182,1.469066,1.0
6.718483,6.921553,0.0
7.410382,0.793173,1.0
8.368823,9.543825,0.0
1.644332,2.253912,1.0
6.039809,9.948027,0.0
7.787235,1.043692,1.0
7.477122,3.410858,0.0
1.240570,2.103968,1.0
6.825801,2.266640,0.0
8.273773,8.291248,1.0
0.354238,7.784826,0.0
3.545550,0.258414,1.0
4.250703,1.384854,0.0
1.308031,4.367261,1.0
2.023158,8.898234,0.0
6.302456,2.732788,1.0
3.147752,9.878348,0.0
7.229982,8.013299,1.0
0.253955,6.549012,0.0
9.122685,2.133094,1.0
6.706981,3.095831,0.0
9.254509,5.226333,1.0
11.471478,6.259155,0.0
6.476859,5.299734,1.0
4.113413,5.197317,0.0
3.093824,8.612522,1.0
11.216449,5.356817,0.0
4.160420,3.887133,1.0
7.885773,8.947690,0.0
8.992590,2.158636,1.0
1.402326,5.533839,0.0
2.309284,5.723106,1.0
11.824079,2.159809,0.0
7.640371,6.801884,1.0
9.810876,6.407055,0.0
11.663230,0.863940,1.0
6.486413,3.082274,0.0
1.072679,6.636998,1.0
10.374749,7.964798,0.0
0.389120,4.323385,1.0
12.012553,2.924639,0.0
7.886958,4.789436,1.0
9.668804,6.250845,0.0
6.449796,3.353713,1.0
6.245077,5.311498,0.0
2.583197,9.185588,1.0
5.734460,6.028647,0.0
2.446193,6.813641,1.0
5.474689,1.701178,0.0
4.265193,5.192288,1.0
4.926216,6.092386,0.0
3.041016,2.331533,1.0
11.261352,5.920227,0.0
9.285458,9.147194,1.0
4.858793,4.340781,0.0
6.694440,5.355058,1.0
12.191282,3.346376,0.0
7.688550,1.173396,1.0
5.576694,5.976258,0.0
3.829220,4.226387,1.0
4.924799,7.140911,0.0
3.660742,0.906282,1.0
6.096489,8.009606,0.0
6.047344,0.716288,1.0
5.423511,7.214201,0.0
5.815597,1.198886,1.0
4.167501,8.604437,0.0
7.598568,7.696864,1.0
6.631480,3.303624,0.0
1.075812,8.533822,1.0
10.837538,7.581114,0.0
3.069415,2.159790,1.0
4.118128,8.257583,0.0
2.101874,1.689375,1.0
11.717908,2.157927,0.0
11.989191,0.466629,1.0
5.922498,0.951406,0.0
3.737578,8.550750,1.0
6.394956,9.881256,0.0
8.935300,5.940415,1.0
12.433919,8.514936,0.0
3.552197,9.163621,1.0
11.773976,2.053785,0.0
12.298918,2.937581,1.0
11.241813,4.594862,0.0
7.674372,1.541721,1.0
0.882974,9.415661,0.0
7.799422,4.043015,1.0
1.052260,3.538269,0.0
0.915635,6.244461,1.0
6.327452,7.055091,0.0
8.665051,1.460595,1.0
12.367235,6.646079,0.0
2.987673,8.885268,1.0
4.024545,6.627123,0.0
2.248369,0.998066,1.0
0.746126,9.132259,0.0
5.788664,0.988519,1.0
9.822320,9.461802,0.0
0.829801,8.246557,1.0
0.263814,8.399620,0.0
5.417027,0.495682,1.0
11.129262,9.266068,0.0
7.064184,0.535226,1.0
0.302680,8.224953,0.0
7.285341,8.422502,1.0
5.760690,6.846041,0.0
3.654285,4.544489,1.0
11.038838,9.884853,0.0
11.627304,0.366817,1.0
10.489609,4.170418,0.0
3.692711,8.474922,1.0
4.640165,0.286821,0.0
8.792350,4.035338,1.0
7.826514,6.379572,0.0
2.230412,0.835281,1.0
4.076542,2.060138,0.0
6.438503,2.312456,1.0
3.448873,7.242504,0.0
6.651443,0.299820,1.0
10.709134,0.227446,0.0
5.651054,0.501410,1.0
5.260080,1.389879,0.0
1.097862,3.449025,1.0
9.143948,6.514786,0.0
10.597116,2.040449,1.0
12.431546,6.782922,0.0
10.424527,3.730473,1.0
4.376923,9.536303,0.0
7.337348,3.991148,1.0
4.536440,3.006207,0.0
6.718434,6.270008,1.0
2.204044,8.169691,0.0
7.400980,5.039698,1.0
10.522036,7.876263,0.0
1.394580,1.930085,1.0
2.786562,9.118603,0.0
2.746400,1.955592,1.0
9.603860,7.651741,0.0
9.043380,1.464400,1.0
5.085314,3.966905,0.0
1.227746,0.596833,1.0
11.967728,3.408631,0.0
10.543135,0.060780,1.0
8.373287,9.245639,0.0
9.841686,8.468762,1.0
11.281839,9.923450,0.0
8.031252,4.666987,1.0
2.975727,9.111896,0.0
3.923568,6.100860,1.0
5.129959,1.070200,0.0
8.672779,4.829715,1.0
4.795353,5.858497,0.0
1.908453,4.767306,1.0
7.361625,8.690382,0.0
2.319607,3.785973,1.0
11.164854,5.301534,0.0
10.580268,6.701590,1.0
5.493505,3.347359,0.0
9.236311,1.833606,1.0
2.770690,6.829824,0.0
1.741682,4.270694,1.0
11.884832,4.701683,0.0
2.148522,5.592505,1.0
11.982089,5.473133,0.0
0.994567,1.915862,1.0
9.067115,8.901780,0.0
10.575662,5.091472,1.0
12.473327,5.583261,0.0
2.004242,5.903257,1.0
2.805986,8.904521,0.0
7.415039,3.080116,1.0
5.980331,4.443924,0.0
10.529698,0.342454,1.0
3.553999,3.267195,0.0
10.400816,6.604426,1.0
0.460239,5.505477,0.0
9.687735,9.435143,1.0
0.635389,8.064897,0.0
9.021044,2.727737,1.0
5.822279,0.569762,0.0
1.298795,0.850405,1.0
0.727969,6.287926,0.0
3.911994,1.305294,1.0
10.033098,8.532923,0.0
9.877720,0.407972,1.0
4.464477,0.532151,0.0
2.532806,5.232278,1.0
0.141195,8.420804,0.0
7.111606,4.779104,1.0
6.144258,6.909077,0.0
10.507384,1.902254,1.0
0.121575,6.020800,0.0
5.651071,0.738157,1.0
6.220539,7.131643,0.0
9.112476,5.588151,1.0
6.929198,5.147191,0.0
2.082839,7.110966,1.0
0.350490,7.658183,0.0
8.284877,6.792457,1.0
6.950296,7.333666,0.0
1.721329,2.056579,1.0
10.330754,9.555582,0.0
2.288879,2.805322,1.0
0.062048,9.865073,0.0
2.899952,5.653114,1.0
5.066920,7.951718,0.0
9.048513,0.109876,1.0
4.082593,2.985813,0.0
2.995555,4.301062,1.0
11.555849,4.689962,0.0
9.085797,8.768245,1.0
10.678988,7.039433,0.0
2.819589,0.828396,1.0
8.305218,8.855600,0.0
3.246945,6.539975,1.0
9.529960,9.272793,0.0
6.353484,5.209327,1.0
7.368983,7.089679,0.0
9.276281,6.413680,1.0
7.767680,9.504354,0.0
8.065768,6.310778,1.0
6.596160,0.900297,0.0
8.137187,1.502946,1.0
11.480939,2.807476,0.0
9.117537,3.275679,1.0
1.864702,9.610651,0.0
9.215025,7.139250,1.0
10.038168,6.336360,0.0
7.457493,0.872718,1.0
10.521965,6.923793,0.0
1.454616,4.884500,1.0
12.352939,5.434808,0.0
3.135814,0.216658,1.0
4.784859,5.509470,0.0
2.730203,5.335544,1.0
5.120842,9.140141,0.0
8.672086,5.550928,1.0
4.094290,9.435091,0.0
9.436065,3.465165,1.0
4.212754,3.843086,0.0
10.663729,2.962863,1.0
9.768282,6.725167,0.0
8.941035,2.636408,1.0
10.748730,9.805061,0.0
4.338126,0.637378,1.0
6.728170,6.480444,0.0
8.716031,3.302650,1.0
2.248281,9.827397,0.0
11.515913,0.562018,1.0
3.910377,9.675479,0.0
5.025395,2.576825,1.0
5.995316,4.861823,0.0
2.686938,6.680254,1.0
5.416738,6.620142,0.0
3.489542,1.183307,1.0
3.602263,8.779401,0.0
8.260890,5.986215,1.0
0.356736,1.201701,0.0
2.589264,0.337524,1.0
8.009040,7.592567,0.0
12.269030,3.193328,1.0
12.155889,9.972345,0.0
7.397612,0.001760,1.0
3.378783,9.817760,0.0
8.640712,5.948592,1.0
12.519113,7.954158,0.0
9.534749,3.321060,1.0
5.718858,7.361442,0.0
1.519581,3.763163,1.0
3.664794,5.095985,0.0
9.008216,1.161357,1.0
7.425261,9.787847,0.0
1.473864,2.315307,1.0
6.890377,5.939750,0.0
1.412100,6.249076,1.0
4.737889,7.300349,0.0
9.023616,7.121891,1.0
11.758282,2.149075,0.0
1.860937,9.255869,1.0
7.461104,9.168695,0.0
7.444327,4.782384,1.0
7.230373,3.242566,0.0
1.029962,5.309459,1.0
7.965812,9.431434,0.0
8.240279,0.314645,1.0
10.559960,5.091671,0.0
8.657105,5.196031,1.0
6.231752,7.095756,0.0
3.146513,3.306245,1.0
8.936240,8.505025,0.0
8.667414,3.068170,1.0
10.818735,6.091616,0.0
4.084116,3.361922,1.0
7.479790,9.092527,0.0
2.595375,2.067907,1.0
6.249015,7.987737,0.0
0.692962,8.074680,1.0
5.923811,8.520822,0.0
1.711622,2.231905,1.0
0.920303,8.668678,0.0
3.865394,8.041108,1.0
0.099803,4.821009,0.0
10.766161,2.942349,1.0
4.233386,9.782943,0.0
2.776979,0.940753,1.0
7.644717,4.928563,0.0
1.410940,0.741908,1.0
9.280133,7.928956,0.0
9.392059,4.901926,1.0
7.672463,6.018601,0.0
1.218027,0.613049,1.0
7.749620,7.959276,0.0
0.820263,0.676894,1.0
5.268172,9.617609,0.0
3.505625,6.280579,1.0
11.306912,5.261694,0.0
10.619778,5.133268,1.0
4.927842,7.843666,0.0
5.811157,1.820379,1.0
0.340488,3.886045,0.0
5.133025,2.077401,1.0
1.113062,6.747889,0.0
8.684123,6.552648,1.0
11.642406,2.353981,0.0
8.556763,3.163023,1.0
5.913103,5.298500,0.0
9.002246,1.304685,1.0
0.742414,9.481851,0.0
9.193255,5.976321,1.0
6.391848,8.321514,0.0
7.377761,4.489992,1.0
12.110082,7.333551,0.0
10.195106,5.322263,1.0
6.506354,9.783102,0.0
2.632867,3.499081,1.0
2.994462,9.682500,0.0
5.326554,0.454548,1.0
11.969135,2.226588,0.0
10.772772,1.367878,1.0
5.795534,2.870251,0.0
3.953151,1.760923,1.0
5.891715,9.240555,0.0
2.057123,3.170838,1.0
2.248157,8.168442,0.0
0.476279,0.036355,1.0
12.349657,1.539598,0.0
2.283534,1.327248,1.0
0.184893,2.866042,0.0
7.090533,2.940198,1.0
0.163786,0.571016,0.0
3.351860,9.740833,1.0
10.406140,7.804037,0.0
9.071871,2.517014,1.0
6.227154,5.605225,0.0
2.996175,2.603744,1.0
0.826812,8.268915,0.0
4.150591,2.430974,1.0
5.125067,5.647388,0.0
3.142727,2.668932,1.0
6.454246,2.863155,0.0
9.944758,7.015304,1.0
7.421026,3.144969,0.0
3.085068,1.509690,1.0
8.447232,8.231443,0.0
8.338370,2.241881,1.0
11.080382,5.518174,0.0
2.224386,0.242226,1.0
11.642517,3.846626,0.0
2.143336,6.231464,1.0
0.689671,4.063484,0.0
8.682144,0.083398,1.0
12.098750,5.770118,0.0
2.388569,6.116468,1.0
10.687133,5.977093,0.0
9.469450,9.969706,1.0
5.318678,5.112400,0.0
3.904869,6.001169,1.0
7.115866,1.755072,0.0
7.980153,1.237979,1.0
7.547540,5.220873,0.0
1.811168,3.616277,1.0
7.386729,4.442719,0.0
1.550835,1.781597,1.0
5.945564,9.452169,0.0
3.496796,8.202737,1.0
11.474446,5.966787,0.0
10.813246,2.690369,1.0
0.073780,6.783151,0.0
1.560518,1.279990,1.0
12.343013,2.679080,0.0
8.224727,2.315891,1.0
5.225486,8.712224,0.0
5.168853,1.266503,1.0
5.069241,8.991881,0.0
4.359193,2.398097,1.0
0.172032,0.858881,0.0
5.080587,0.748625,1.0
7.507156,5.101843,0.0
2.307939,7.728874,1.0
1.904180,7.623619,0.0
3.980947,3.518550,1.0
10.852570,8.629505,0.0
9.529104,7.815928,1.0
11.984405,6.454207,0.0
9.228731,0.449332,1.0
6.310831,4.750124,0.0
4.193223,2.615550,1.0
11.998328,2.669907,0.0
3.919590,2.895324,1.0
2.144198,7.756732,0.0
9.295787,7.301708,1.0
12.318455,4.237981,0.0
9.726942,3.818006,1.0
11.593226,4.599534,0.0
2.098852,1.269386,1.0
5.746543,7.633859,0.0
2.856457,3.934975,1.0
6.429680,4.312174,0.0
10.221321,5.931945,1.0
8.626750,9.212752,0.0
3.512437,7.392666,1.0
10.721678,8.003280,0.0
10.105857,1.650919,1.0
10.973625,7.681079,0.0
8.891370,8.388500,1.0
6.934997,2.706589,0.0
10.059398,0.275315,1.0
6.902919,3.675592,0.0
4.335980,1.930803,1.0
1.263435,7.924668,0.0
3.484782,7.515402,1.0
1.714879,5.790267,0.0
8.826238,7.270869,1.0
7.196150,5.523386,0.0
1.946976,0.001691,1.0
12.276343,1.007369,0.0
1.065644,2.546195,1.0
4.910467,5.456066,0.0
11.709582,0.805441,1.0
0.754787,4.967220,0.0
3.700589,3.846027,1.0
0.227410,1.508431,0.0
2.768353,5.580305,1.0
0.081448,9.338485,0.0
2.399878,7.374906,1.0
0.064957,8.777390,0.0
1.994594,6.861924,1.0
12.289380,5.367136,0.0
1.095388,0.354753,1.0
7.606789,7.646317,0.0
2.074431,4.650500,1.0
8.410695,9.556312,0.0
3.680505,5.227895,1.0
6.564845,2.075042,0.0
1.387814,1.436829,1.0
12.156367,6.369462,0.0
1.950915,2.686304,1.0
0.492667,9.215234,0.0
4.075212,4.272366,1.0
7.101928,5.347313,0.0
2.880992,2.075463,1.0
5.947643,7.254406,0.0
2.619381,3.136410,1.0
1.625421,9.331249,0.0
9.387321,1.525632,1.0
4.482188,7.412713,0.0
4.304947,6.878875,1.0
4.091243,8.675360,0.0
8.521039,5.368580,1.0
12.219736,3.906007,0.0
7.564597,3.346388,1.0
0.345533,1.362887,0.0
7.598014,0.290614,1.0
4.273012,9.770191,0.0
9.546969,6.759051,1.0
11.777033,2.938269,0.0
4.372969,6.653996,1.0
4.659286,6.013124,0.0
3.227985,2.966472,1.0
6.848657,7.949753,0.0
1.890512,4.818886,1.0
1.267855,7.037548,0.0
11.793277,0.196010,1.0
7.644190,7.869647,0.0
3.482465,6.522510,1.0
6.260908,7.044683,0.0
0.899542,0.998489,1.0
2.010437,8.764706,0.0
3.419302,1.752587,1.0
7.193748,3.398019,0.0
1.132904,2.126374,1.0
12.426182,5.036717,0.0
2.632079,2.961736,1.0
12.244270,2.031861,0.0
3.460378,1.121212,1.0
5.280469,4.079210,0.0
8.106637,2.909886,1.0
8.100310,8.291181,0.0
9.967246,7.786197,1.0
11.998582,6.064203,0.0
4.310794,5.089192,1.0
5.088656,8.669013,0.0
7.010341,0.404616,1.0
0.469445,8.637119,0.0
5.091096,1.300982,1.0
7.035216,3.104982,0.0
4.670235,2.461476,1.0
0.027530,8.208290,0.0
8.755771,4.805944,1.0
6.000408,2.973697,0.0
9.606264,9.799257,1.0
8.756158,9.981678,0.0
2.593094,1.556963,1.0
12.090653,7.475551,0.0
1.997465,5.272805,1.0
0.037730,4.622454,0.0
9.347250,5.599031,1.0
0.172266,3.985750,0.0
4.059720,7.069709,1.0
0.757390,9.778519,0.0
9.511430,1.431010,1.0
0.320600,7.891546,0.0
4.031329,7.354856,1.0
11.834853,6.249606,0.0
9.737545,5.624930,1.0
1.432300,6.419491,0.0
3.693151,4.362308,1.0
12.376066,4.757026,0.0
1.678713,2.092942,1.0
12.224190,3.473130,0.0
3.639119,1.703389,1.0
11.141086,7.411711,0.0
10.850083,5.361096,1.0
4.922364,4.575154,0.0
4.961008,1.424353,1.0
11.445884,3.950199,0.0
1.242811,2.088745,1.0
6.956103,5.000911,0.0
8.834864,2.646109,1.0
0.888878,8.379736,0.0
10.326026,6.319144,1.0
4.853582,4.641954,0.0
9.194030,6.345713,1.0
6.188162,4.102701,0.0
7.481581,3.044426,1.0
4.699080,8.246383,0.0
8.735308,1.131037,1.0
11.738196,3.501123,0.0
4.248595,3.191220,1.0
6.066372,5.206337,0.0
3.653621,5.672516,1.0
11.769843,6.771913,0.0
4.047583,4.747837,1.0
11.995622,6.475531,0.0
4.294075,1.476439,1.0
5.670645,2.528800,0.0
1.941987,3.265301,1.0
12.456019,4.092328,0.0
1.611472,2.772364,1.0
6.425719,1.324054,0.0
4.238014,1.678646,1.0
7.490291,9.541576,0.0
9.135270,0.456383,1.0
8.297744,8.885942,0.0
7.581045,3.337098,1.0
6.980230,7.690255,0.0
1.991268,2.383650,1.0
1.828834,9.897182,0.0
2.438584,5.046971,1.0
6.196410,4.412637,0.0
4.003655,7.231453,1.0
0.958781,3.300668,0.0
4.596095,0.872621,1.0
7.725479,5.074429,0.0
9.357662,4.850723,1.0
12.260114,3.938713,0.0
9.987850,3.352189,1.0
0.303045,3.104459,0.0
8.354132,3.047719,1.0
6.908009,1.755926,0.0
2.315142,4.061853,1.0
6.855886,4.633589,0.0
8.449662,0.727154,1.0
10.972740,5.849409,0.0
1.858278,3.695743,1.0
5.475678,4.927273,0.0
3.354949,1.052323,1.0
5.729991,6.260465,0.0
8.952280,3.032850,1.0
12.176418,4.540866,0.0
10.470767,2.167902,1.0
1.252986,8.164732,0.0
2.975289,3.263094,1.0
0.169294,4.240708,0.0
9.215132,8.569597,1.0
6.200306,6.528430,0.0
4.168583,3.071950,1.0
0.331810,7.821145,0.0
9.104179,4.621192,1.0
10.517701,9.892806,0.0
10.539040,5.291066,1.0
1.211142,8.524701,0.0
2.777270,4.832337,1.0
8.909408,9.646663,0.0
1.844854,4.162276,1.0
6.753204,1.302460,0.0
9.747701,1.467847,1.0
0.132350,0.130789,0.0
2.687666,6.422127,1.0
1.723922,6.746726,0.0
9.753543,9.596535,1.0
11.259352,9.160932,0.0
9.771676,2.119909,1.0
6.484392,6.055629,0.0
8.746746,4.106581,1.0
11.698574,3.581652,0.0
8.582859,2.184108,1.0
5.310392,4.299229,0.0
8.979353,5.130702,1.0
6.995456,1.326200,0.0
8.860450,4.847688,1.0
6.390159,5.732890,0.0
3.374769,6.136615,1.0
0.134747,2.182823,0.0
3.092263,7.742804,1.0
6.082217,7.138156,0.0
1.231688,3.313300,1.0
8.339554,8.072591,0.0
3.527586,0.004844,1.0
11.570156,6.039212,0.0
1.308563,1.493327,1.0
7.425496,2.932560,0.0
9.474009,0.947375,1.0
6.878638,8.936991,0.0
5.039655,3.299730,1.0
0.211625,0.399869,0.0
0.741710,0.063363,1.0
6.212819,3.885632,0.0
3.238084,8.026361,1.0
5.700225,8.148792,0.0
8.484388,5.172237,1.0
12.307334,5.491963,0.0
1.900265,5.251512,1.0
7.121485,6.905748,0.0
10.696797,5.228173,1.0
12.434808,0.403895,0.0
10.390046,2.563308,1.0
11.516087,2.891771,0.0
2.514188,6.224679,1.0
1.363404,4.966096,0.0
4.000683,7.475767,1.0
6.556829,4.876010,0.0
1.383986,0.237113,1.0
6.474991,0.325477,0.0
3.090180,9.878660,1.0
0.803258,3.247299,0.0
9.251223,1.270469,1.0
1.726100,5.871855,0.0
10.385157,7.171410,1.0
12.430471,2.392733,0.0
4.104096,0.586100,1.0
0.740548,4.521681,0.0
4.764367,1.428766,1.0
7.952870,6.336564,0.0
10.852139,2.867967,1.0
8.333676,9.465086,0.0
3.754372,3.165982,1.0
0.837259,7.994259,0.0
11.952556,0.489738,1.0
8.365709,7.892905,0.0
3.118199,4.616334,1.0
8.443554,9.033555,0.0
8.748168,3.127241,1.0
11.990941,3.864343,0.0
10.059555,2.384208,1.0
0.423575,5.140320,0.0
4.213693,6.394469,1.0
5.502503,3.703301,0.0
1.730330,2.452122,1.0
5.836607,2.206787,0.0
3.628745,2.963620,1.0
12.009765,5.631989,0.0
8.598647,3.334698,1.0
5.361546,8.451081,0.0
9.196463,8.877034,1.0
4.459091,8.496370,0.0
11.739533,1.387351,1.0
5.863419,0.795374,0.0
9.868006,0.497521,1.0
6.140989,3.189335,0.0
3.964112,8.354611,1.0
11.594650,3.645551,0.0
0.975833,1.356685,1.0
2.269923,9.282690,0.0
3.598847,3.085692,1.0
1.529517,6.649513,0.0
9.886534,8.293833,1.0
5.589860,2.059079,0.0
8.723282,0.285453,1.0
0.668740,4.119734,0.0
1.271304,3.159516,1.0
12.051739,7.015421,0.0
10.287170,6.638364,1.0
1.245333,5.810066,0.0
8.739220,3.450629,1.0
5.926561,5.304210,0.0
9.875707,3.484009,1.0
0.872499,9.317390,0.0
9.275370,4.225362,1.0
7.112877,1.788856,0.0
3.165844,1.848163,1.0
11.281368,3.624318,0.0
3.991430,3.721147,1.0
10.856889,6.390693,0.0
10.522340,1.938618,1.0
11.143305,7.092591,0.0
9.899206,7.777929,1.0
4.586925,8.225980,0.0
5.085156,1.850577,1.0
0.365483,8.183146,0.0
5.205550,2.069389,1.0
0.275291,1.907122,0.0
3.772295,2.885012,1.0
8.936339,9.830812,0.0
8.110462,4.071644,1.0
5.620086,6.320792,0.0
3.370325,6.702854,1.0
6.120965,5.374110,0.0
3.341896,6.471226,1.0
2.380617,9.763779,0.0
4.718177,3.665813,1.0
1.659679,7.524864,0.0
5.040372,2.883119,1.0
1.066560,4.791646,0.0
4.011770,5.767386,1.0
2.035106,8.693755,0.0
9.845637,1.309824,1.0
5.302352,6.763507,0.0
5.352838,1.994785,1.0
7.974770,9.238825,0.0
7.584672,1.839534,1.0
7.203195,9.746298,0.0
7.573571,3.372448,1.0
11.497801,8.320236,0.0
10.321195,1.699788,1.0
0.022859,5.724358,0.0
11.670662,0.274874,1.0
12.319912,3.718909,0.0
4.662668,1.249694,1.0
4.542708,6.840866,0.0
3.952394,1.630549,1.0
5.832458,6.715481,0.0
8.917467,7.429229,1.0
3.840051,9.090056,0.0
8.254650,2.521274,1.0
6.352371,0.325686,0.0
10.523451,6.796432,1.0
5.073682,8.399111,0.0
3.373568,0.074949,1.0
12.151509,1.392597,0.0
9.705807,1.147471,1.0
0.265362,9.111245,0.0
3.389315,0.679337,1.0
12.132150,2.481510,0.0
2.290604,5.879337,1.0
8.621492,8.884920,0.0
9.379775,0.605539,1.0
6.476299,7.818351,0.0
3.804119,8.509582,1.0
0.681037,8.586345,0.0
1.844562,0.253083,1.0
11.680596,3.136258,0.0
1.357077,0.341131,1.0
6.205639,7.847393,0.0
10.573376,4.521987,1.0
1.297871,8.492021,0.0
10.667425,2.386463,1.0
5.776493,8.205282,0.0
4.884932,3.944539,1.0
7.375926,9.957611,0.0
9.519122,4.306051,1.0
6.924046,6.249784,0.0
2.576703,2.337934,1.0
8.366519,8.720530,0.0
7.477081,2.863638,1.0
11.511858,6.331775,0.0
3.113519,2.025102,1.0
2.141958,7.801382,0.0
9.837724,5.487060,1.0
11.330824,5.077586,0.0
4.258492,5.564238,1.0
5.246848,4.416808,0.0
4.139458,3.529995,1.0
10.831480,6.563478,0.0
2.993316,4.364652,1.0
7.633486,4.718545,0.0
8.152348,4.271886,1.0
7.549050,5.421749,0.0
4.197877,4.863752,1.0
6.379483,2.940783,0.0
8.091030,4.168487,1.0
12.255569,3.159990,0.0
4.735200,1.343113,1.0
4.640124,9.733106,0.0
5.408782,0.211417,1.0
1.800324,8.590132,0.0
2.750056,0.865548,1.0
12.490298,2.560648,0.0
8.559703,2.486928,1.0
6.913853,9.924841,0.0
8.546575,6.903352,1.0
5.818457,9.449170,0.0
2.766289,7.965822,1.0
8.234071,7.291894,0.0
8.442909,0.410305,1.0
5.522241,7.685171,0.0
3.851085,6.665562,1.0
12.342870,0.776490,0.0
9.849939,8.848822,1.0
1.440675,8.434557,0.0
2.670446,6.103115,1.0
6.347472,4.806610,0.0
2.642568,3.247057,1.0
11.932461,1.720243,0.0
2.670784,0.631843,1.0
11.802670,5.826298,0.0
3.248244,3.913419,1.0
4.769319,7.671077,0.0
9.790119,8.783511,1.0
5.606690,7.156572,0.0
8.395333,4.098153,1.0
12.457962,0.085422,0.0
2.171726,5.932073,1.0
0.449029,5.581356,0.0
11.832173,0.405461,1.0
5.756281,7.868557,0.0
8.591242,4.298961,1.0
6.340624,3.224471,0.0
4.635742,1.128548,1.0
12.336665,7.784574,0.0
4.991643,1.152237,1.0
7.096113,7.566977,0.0
10.285555,5.038211,1.0
0.303443,8.430304,0.0
10.194893,2.469473,1.0
5.573218,9.481598,0.0
9.077337,5.617260,1.0
11.664306,5.266025,0.0
7.640016,2.050025,1.0
6.000442,3.432009,0.0
2.232987,5.276236,1.0
12.433636,4.731982,0.0
0.533152,0.685879,1.0
10.992398,8.771588,0.0
9.387908,9.376263,1.0
6.929278,6.228561,0.0
4.297228,3.644838,1.0
11.058021,6.448734,0.0
12.338327,0.014046,1.0
0.399518,3.387009,0.0
1.410987,1.370756,1.0
0.586919,9.803522,0.0
9.796830,8.543122,1.0
5.345688,6.368135,0.0
11.625070,0.497479,1.0
11.106606,6.255425,0.0
11.009209,3.614490,1.0
10.974287,6.543503,0.0
8.368165,0.735481,1.0
6.647529,7.949236,0.0
3.532270,2.643816,1.0
5.801935,8.471008,0.0
2.802423,1.245220,1.0
8.054738,8.789509,0.0
10.086187,8.572213,1.0
3.992576,9.046430,0.0
4.206241,6.724404,1.0
7.238151,7.276379,0.0
11.599626,0.194734,1.0
7.047370,5.655854,0.0
9.965723,7.416662,1.0
4.394002,7.951003,0.0
3.156822,1.180575,1.0
5.719485,5.736518,0.0
4.605901,2.020578,1.0
12.385208,7.023462,0.0
10.221657,0.423107,1.0
1.083345,9.285883,0.0
9.839986,5.735038,1.0
11.028144,6.862103,0.0
1.716873,2.460421,1.0
11.574844,8.742752,0.0
3.907263,8.022916,1.0
12.418989,8.831229,0.0
11.089882,2.570904,1.0
11.548446,5.678252,0.0
3.146267,0.012831,1.0
7.100158,1.675833,0.0
10.417303,7.107840,1.0
1.851880,8.132318,0.0
4.757631,1.348195,1.0
11.448303,6.306679,0.0
7.981078,3.616243,1.0
10.291105,9.262871,0.0
4.096085,3.444905,1.0
