x,y,class
0.350395,0.095046,0.0
0.473468,0.583694,1.0
0.115968,0.078085,0.0
0.447701,0.313451,1.0
0.192150,0.471360,0.0
0.357969,0.587134,1.0
0.360822,0.336477,0.0
0.457335,0.621747,1.0
0.011081,0.233113,0.0
0.614379,0.464292,1.0
0.119393,0.634370,0.0
0.644955,0.363297,1.0
0.601185,0.117607,0.0
0.550439,0.634050,1.0
0.940407,0.415557,0.0
0.408810,0.671201,1.0
0.921315,0.542025,0.0
0.625154,0.366551,1.0
0.320382,0.657881,0.0
0.614114,0.417874,1.0
0.789684,0.215886,0.0
0.461285,0.620958,1.0
0.862149,0.143770,0.0
0.438024,0.464972,1.0
0.710129,0.142832,0.0
0.530981,0.402411,1.0
0.046425,0.270999,0.0
0.571154,0.387757,1.0
0.340164,0.139813,0.0
0.510077,0.668634,1.0
0.062254,0.303957,0.0
0.539475,0.350070,1.0
0.834589,0.945255,0.0
0.662268,0.542648,1.0
0.444027,0.757435,0.0
0.383908,0.540292,1.0
0.659553,0.107523,0.0
0.387898,0.399009,1.0
0.125379,0.241267,0.0
0.601337,0.473065,1.0
0.749978,0.884405,0.0
0.484690,0.384339,1.0
0.704789,0.393082,0.0
0.509106,0.342868,1.0
0.207079,0.371579,0.0
0.509743,0.653311,1.0
0.232444,0.681034,0.0
0.357081,0.463541,1.0
0.581848,0.123304,0.0
0.445838,0.594735,1.0
0.037413,0.794502,0.0
0.377712,0.408427,1.0
0.820034,0.318044,0.0
0.443386,0.582186,1.0
0.752423,0.967694,0.0
0.645014,0.558567,1.0
0.357867,0.672850,0.0
0.537336,0.404311,1.0
0.882843,0.934033,0.0
0.420217,0.379975,1.0
0.356178,0.289505,0.0
0.581890,0.432458,1.0
0.554905,0.287817,0.0
0.438651,0.613374,1.0
0.208042,0.565205,0.0
0.463008,0.376743,1.0
0.093426,0.213934,0.0
0.538355,0.329772,1.0
0.934461,0.490361,0.0
0.497448,0.410039,1.0
0.571598,0.851651,0.0
0.576405,0.637722,1.0
0.221804,0.858593,0.0
0.446951,0.511025,1.0
0.726068,0.018172,0.0
0.465739,0.677557,1.0
0.992456,0.213499,0.0
0.410347,0.507241,1.0
0.765402,0.104673,0.0
0.392374,0.424083,1.0
0.647964,0.324234,0.0
0.461616,0.583738,1.0
0.961724,0.686965,0.0
0.626891,0.365376,1.0
0.951887,0.367945,0.0
0.526990,0.514025,1.0
0.808986,0.626687,0.0
0.558363,0.608269,1.0
0.701708,0.610958,0.0
0.449432,0.597592,1.0
0.068325,0.336051,0.0
0.302939,0.503536,1.0
0.093071,0.239777,0.0
0.674120,0.529840,1.0
0.845206,0.378891,0.0
0.307961,0.507592,1.0
0.486599,0.264187,0.0
0.378498,0.413381,1.0
0.969588,0.860778,0.0
0.341592,0.536517,1.0
0.839396,0.722214,0.0
0.401573,0.641790,1.0
0.162826,0.608972,0.0
0.343616,0.549269,1.0
0.679249,0.137562,0.0
0.459091,0.550363,1.0
0.622416,0.941450,0.0
0.676803,0.424068,1.0
0.042578,0.613246,0.0
0.628463,0.381736,1.0
0.350375,0.755984,0.0
0.628830,0.547945,1.0
0.016303,0.003058,0.0
0.460169,0.667888,1.0
0.736021,0.313170,0.0
0.477837,0.402933,1.0
0.986227,0.520181,0.0
0.571396,0.455967,1.0
0.326612,0.368112,0.0
0.640920,0.548096,1.0
0.367010,0.341247,0.0
0.435648,0.527708,1.0
0.710820,0.744916,0.0
0.475708,0.622012,1.0
0.156715,0.907199,0.0
0.418423,0.636849,1.0
0.534720,0.034448,0.0
0.581917,0.484944,1.0
0.895265,0.725482,0.0
0.371219,0.470866,1.0
0.349875,0.346988,0.0
0.353583,0.476570,1.0
0.016429,0.114096,0.0
0.545668,0.446279,1.0
0.270706,0.751186,0.0
0.372703,0.615937,1.0
0.881767,0.856913,0.0
0.532926,0.689912,1.0
0.125962,0.040907,0.0
0.507584,0.359685,1.0
0.801678,0.806410,0.0
0.433966,0.662700,1.0
0.749215,0.057620,0.0
0.464885,0.320255,1.0
0.046163,0.862875,0.0
0.433637,0.331088,1.0
0.239860,0.321013,0.0
0.404302,0.512096,1.0
0.762064,0.013961,0.0
0.554218,0.537532,1.0
0.521283,0.203632,0.0
0.475622,0.385573,1.0
0.517625,0.726304,0.0
0.543619,0.405709,1.0
0.608263,0.068113,0.0
0.608243,0.540112,1.0
0.903419,0.769771,0.0
0.513986,0.354681,1.0
0.552881,0.277375,0.0
0.636257,0.568795,1.0
0.104453,0.537428,0.0
0.520124,0.329062,1.0
0.108825,0.028921,0.0
0.452907,0.614050,1.0
0.680059,0.746365,0.0
0.365696,0.445834,1.0
0.613970,0.001908,0.0
0.475102,0.446267,1.0
0.785565,0.986775,0.0
0.672166,0.489287,1.0
0.356710,0.231546,0.0
0.539673,0.483534,1.0
0.639085,0.093224,0.0
0.628738,0.600330,1.0
0.126894,0.711583,0.0
0.531942,0.556400,1.0
0.291628,0.383743,0.0
0.524810,0.686176,1.0
0.140883,0.816655,0.0
0.508085,0.376951,1.0
0.292624,0.127673,0.0
0.617770,0.652751,1.0
0.699373,0.363556,0.0
0.410969,0.548169,1.0
0.439510,0.840730,0.0
0.357329,0.625604,1.0
0.071185,0.399162,0.0
0.585995,0.611591,1.0
0.275636,0.611759,0.0
0.634143,0.637051,1.0
0.025188,0.330066,0.0
0.470051,0.353249,1.0
0.373369,0.211485,0.0
0.474138,0.631614,1.0
0.601104,0.754097,0.0
0.345059,0.410357,1.0
0.914423,0.707455,0.0
0.381033,0.625986,1.0
0.110342,0.522200,0.0
0.546622,0.473775,1.0
0.600040,0.875281,0.0
0.639467,0.517158,1.0
0.148593,0.395926,0.0
0.428081,0.553221,1.0
0.698948,0.216766,0.0
0.626337,0.639231,1.0
0.621061,0.175911,0.0
0.514165,0.563535,1.0
0.072586,0.953880,0.0
0.646395,0.559432,1.0
0.690331,0.388276,0.0
0.603616,0.375723,1.0
0.687822,0.230153,0.0
0.372407,0.451665,1.0
0.571143,0.206031,0.0
0.607235,0.390810,1.0
0.614677,0.880529,0.0
0.317383,0.462703,1.0
0.389835,0.962828,0.0
0.400336,0.638753,1.0
0.541501,0.012055,0.0
0.543293,0.531808,1.0
0.998032,0.915621,0.0
0.633733,0.557562,1.0
0.131921,0.188356,0.0
0.582989,0.492822,1.0
0.897841,0.020793,0.0
0.483904,0.380734,1.0
0.248023,0.516241,0.0
0.482182,0.637609,1.0
0.491515,0.893288,0.0
0.495289,0.521291,1.0
0.076707,0.210118,0.0
0.484052,0.457423,1.0
0.527583,0.088421,0.0
0.694540,0.533113,1.0
0.804867,0.394554,0.0
0.410252,0.503878,1.0
0.451062,0.993620,0.0
0.607527,0.505009,1.0
0.978380,0.624281,0.0
0.419438,0.502823,1.0
0.105288,0.578443,0.0
0.403102,0.333084,1.0
0.094202,0.248338,0.0
0.624215,0.576585,1.0
0.420723,0.087607,0.0
0.465445,0.536015,1.0
0.777712,0.012862,0.0
0.368191,0.391501,1.0
0.385140,0.047261,0.0
0.429583,0.598574,1.0
0.196405,0.977202,0.0
0.473695,0.385588,1.0
0.182779,0.961624,0.0
0.370395,0.622209,1.0
0.400324,0.237904,0.0
0.479676,0.511951,1.0
0.659093,0.372918,0.0
0.551087,0.322223,1.0
0.760618,0.705970,0.0
0.394204,0.389271,1.0
0.948691,0.646048,0.0
0.513949,0.542790,1.0
0.439886,0.172309,0.0
0.611925,0.416333,1.0
0.010481,0.155763,0.0
0.661908,0.491944,1.0
0.996330,0.324328,0.0
0.487991,0.666657,1.0
0.007978,0.090100,0.0
0.425671,0.456396,1.0
0.357584,0.913823,0.0
0.548511,0.619551,1.0
0.745223,0.963377,0.0
0.489742,0.499155,1.0
0.014604,0.448229,0.0
0.454934,0.668749,1.0
0.925043,0.204015,0.0
0.393312,0.592933,1.0
0.325242,0.336610,0.0
0.458820,0.393297,1.0
0.089585,0.652853,0.0
0.497568,0.418527,1.0
0.191102,0.847448,0.0
0.459876,0.540932,1.0
0.190167,0.130542,0.0
0.565365,0.687570,1.0
0.736808,0.526492,0.0
0.597847,0.607055,1.0
0.673155,0.709242,0.0
0.389777,0.376731,1.0
0.059019,0.924457,0.0
0.438424,0.398273,1.0
0.183304,0.782811,0.0
0.583960,0.410163,1.0
0.784829,0.619248,0.0
0.583114,0.596932,1.0
0.339084,0.981157,0.0
0.421492,0.613192,1.0
0.534256,0.237780,0.0
0.446675,0.661163,1.0
0.150121,0.076614,0.0
0.563620,0.557434,1.0
0.752779,0.951188,0.0
0.545390,0.563953,1.0
0.647896,0.182437,0.0
0.389836,0.577314,1.0
0.035327,0.741931,0.0
0.557030,0.610935,1.0
0.699479,0.136001,0.0
0.608736,0.425338,1.0
0.393537,0.169754,0.0
0.396991,0.434195,1.0
0.549823,0.877969,0.0
0.466320,0.441031,1.0
0.757673,0.202228,0.0
0.636423,0.563585,1.0
0.201742,0.677607,0.0
0.515314,0.683328,1.0
0.484501,0.015958,0.0
0.379935,0.562667,1.0
0.537698,0.083766,0.0
0.645035,0.505651,1.0
0.952439,0.634922,0.0
0.353386,0.365756,1.0
0.887831,0.770633,0.0
0.603021,0.365934,1.0
0.207063,0.115649,0.0
0.582379,0.643362,1.0
0.206394,0.861846,0.0
0.535039,0.594834,1.0
0.189458,0.221868,0.0
0.671925,0.435622,1.0
0.468258,0.015058,0.0
0.332659,0.397139,1.0
0.597956,0.842496,0.0
0.629796,0.387767,1.0
0.764580,0.302526,0.0
0.521552,0.331153,1.0
0.959711,0.859299,0.0
0.397899,0.483475,1.0
0.163479,0.586230,0.0
0.607500,0.450278,1.0
0.615034,0.869219,0.0
0.587553,0.402517,1.0
0.506462,0.104941,0.0
0.599864,0.518409,1.0
0.004050,0.068203,0.0
0.415776,0.545069,1.0
0.205876,0.166272,0.0
0.516664,0.568062,1.0
0.313372,0.837519,0.0
0.370775,0.613413,1.0
0.818623,0.595090,0.0
0.568468,0.437543,1.0
0.194492,0.826641,0.0
0.443181,0.342062,1.0
0.021231,0.835151,0.0
0.455205,0.429895,1.0
0.851612,0.046346,0.0
0.455430,0.618906,1.0
0.252579,0.090103,0.0
0.442144,0.517133,1.0
0.367515,0.829344,0.0
0.381164,0.426958,1.0
0.702458,0.204291,0.0
0.505241,0.584748,1.0
0.409102,0.770098,0.0
0.317791,0.512138,1.0
0.520336,0.293445,0.0
0.303536,0.529773,1.0
0.482535,0.961224,0.0
0.419725,0.513413,1.0
0.094354,0.808453,0.0
0.565027,0.608331,1.0
0.299977,0.709706,0.0
0.311556,0.517051,1.0
0.930706,0.377361,0.0
0.420976,0.350932,1.0
0.027548,0.999608,0.0
0.462601,0.338619,1.0
0.673000,0.106058,0.0
0.507985,0.306550,1.0
0.228089,0.484251,0.0
0.619353,0.462628,1.0
0.237773,0.250191,0.0
0.327760,0.467488,1.0
0.049877,0.286473,0.0
0.602451,0.387789,1.0
0.669739,0.305414,0.0
0.334968,0.403556,1.0
0.154554,0.583994,0.0
0.375934,0.523007,1.0
0.189296,0.493110,0.0
0.580609,0.490483,1.0
0.622530,0.855044,0.0
0.588174,0.438032,1.0
0.751734,0.399396,0.0
0.562388,0.658109,1.0
0.846838,0.802989,0.0
0.637316,0.371528,1.0
0.435772,0.015975,0.0
0.495552,0.544103,1.0
0.697310,0.684436,0.0
0.425742,0.438341,1.0
0.727299,0.712955,0.0
0.552877,0.399937,1.0
0.099993,0.587819,0.0
0.490722,0.571997,1.0
0.704711,0.076585,0.0
0.362723,0.487643,1.0
0.292437,0.996272,0.0
0.436619,0.456807,1.0
0.736339,0.646073,0.0
0.522603,0.394035,1.0
0.103420,0.181288,0.0
0.662389,0.574198,1.0
0.102416,0.297642,0.0
0.484392,0.581138,1.0
0.721770,0.790019,0.0
0.637751,0.473725,1.0
0.481959,0.277525,0.0
0.443160,0.389236,1.0
0.489073,0.848559,0.0
0.595607,0.566971,1.0
0.445095,0.718725,0.0
0.547585,0.661045,1.0
0.223468,0.828205,0.0
0.556944,0.354976,1.0
0.973431,0.457149,0.0
0.423934,0.457521,1.0
0.967823,0.203566,0.0
0.434297,0.622315,1.0
0.864085,0.683833,0.0
0.375639,0.369588,1.0
0.920184,0.525881,0.0
0.491013,0.647184,1.0
0.786390,0.864477,0.0
0.404762,0.632628,1.0
0.202881,0.814715,0.0
0.665973,0.403913,1.0
0.172879,0.575636,0.0
0.584481,0.373208,1.0
0.019088,0.815163,0.0
0.480126,0.482852,1.0
0.988249,0.506088,0.0
0.625404,0.571472,1.0
0.562038,0.170600,0.0
0.408984,0.401828,1.0
0.574770,0.152739,0.0
0.335494,0.442097,1.0
0.554112,0.957859,0.0
0.595579,0.494806,1.0
0.258199,0.546005,0.0
0.585126,0.413612,1.0
0.704190,0.323965,0.0
0.648575,0.402812,1.0
0.917401,0.756312,0.0
0.434207,0.318190,1.0
0.297630,0.261494,0.0
0.402722,0.356105,1.0
0.694756,0.771811,0.0
0.634347,0.461848,1.0
0.444652,0.263310,0.0
0.483561,0.604592,1.0
0.190498,0.692312,0.0
0.573418,0.436778,1.0
0.086413,0.342357,0.0
0.695110,0.519113,1.0
0.872170,0.560216,0.0
0.522602,0.367237,1.0
0.139954,0.199730,0.0
0.644337,0.379177,1.0
0.811781,0.595727,0.0
0.451602,0.670245,1.0
0.750581,0.012235,0.0
0.556093,0.448380,1.0
0.124245,0.184363,0.0
0.537040,0.624236,1.0
0.569464,0.987486,0.0
0.568271,0.331465,1.0
0.082568,0.714031,0.0
0.585253,0.543496,1.0
0.096042,0.182947,0.0
0.612777,0.344336,1.0
0.894615,0.796177,0.0
0.435985,0.600667,1.0
0.282847,0.817425,0.0
0.484793,0.510307,1.0
0.565064,0.030973,0.0
0.523459,0.380376,1.0
0.194236,0.526881,0.0
0.414549,0.329909,1.0
0.818972,0.465563,0.0
0.587656,0.533751,1.0
0.613296,0.670984,0.0
0.394026,0.601714,1.0
0.280559,0.352550,0.0
0.421244,0.442382,1.0
0.528339,0.800651,0.0
0.519130,0.423642,1.0
0.139931,0.816700,0.0
0.407982,0.347147,1.0
0.015674,0.434361,0.0
0.418986,0.506020,1.0
0.835211,0.395775,0.0
0.615211,0.448370,1.0
0.130584,0.718483,0.0
0.514175,0.335433,1.0
0.812533,0.242122,0.0
0.437892,0.659035,1.0
0.739252,0.608153,0.0
0.388257,0.441981,1.0
0.674738,0.329228,0.0
0.433604,0.574527,1.0
0.925732,0.784412,0.0
0.542281,0.315882,1.0
0.322082,0.233912,0.0
0.440288,0.524646,1.0
0.079471,0.670287,0.0
0.507506,0.648336,1.0
0.200679,0.804206,0.0
0.419381,0.341682,1.0
0.128693,0.937788,0.0
0.463347,0.477856,1.0
0.048829,0.665818,0.0
0.459050,0.653453,1.0
0.206170,0.107044,0.0
0.389742,0.591585,1.0
0.673348,0.955659,0.0
0.470796,0.475349,1.0
0.711346,0.587711,0.0
0.564874,0.431374,1.0
0.996600,0.854661,0.0
0.417218,0.379857,1.0
0.392092,0.895855,0.0
0.551112,0.340568,1.0
0.028590,0.507415,0.0
0.348655,0.443699,1.0
0.860316,0.333632,0.0
0.440254,0.356039,1.0
0.978003,0.291974,0.0
0.596880,0.355768,1.0
0.233497,0.383084,0.0
0.497680,0.316017,1.0
0.006789,0.100943,0.0
0.517325,0.484356,1.0
0.160667,0.332154,0.0
0.506754,0.417812,1.0
0.182947,0.793252,0.0
0.373178,0.597722,1.0
0.545617,0.188621,0.0
0.359077,0.404927,1.0
0.776941,0.045288,0.0
0.362801,0.590226,1.0
0.587630,0.303573,0.0
0.363056,0.478520,1.0
0.943660,0.097233,0.0
0.379460,0.591594,1.0
0.054195,0.847505,0.0
0.678519,0.472119,1.0
0.996460,0.502563,0.0
0.533554,0.441655,1.0
0.974695,0.694159,0.0
0.591487,0.519074,1.0
0.942177,0.166663,0.0
0.339643,0.584223,1.0
0.322258,0.188953,0.0
0.592432,0.396458,1.0
0.903032,0.259953,0.0
0.518460,0.357856,1.0
0.968638,0.901113,0.0
0.577330,0.585856,1.0
0.958867,0.673332,0.0
0.576595,0.632061,1.0
0.355456,0.150438,0.0
0.465216,0.685188,1.0
0.643735,0.262531,0.0
0.443021,0.449036,1.0
0.125538,0.912822,0.0
0.618140,0.478029,1.0
0.351825,0.127454,0.0
0.350044,0.582113,1.0
0.700115,0.835705,0.0
0.574333,0.618202,1.0
0.041644,0.906873,0.0
0.626564,0.458671,1.0
0.957174,0.227282,0.0
0.363250,0.550001,1.0
0.431488,0.015428,0.0
0.420345,0.545863,1.0
0.781721,0.387813,0.0
0.338502,0.611412,1.0
0.741034,0.552358,0.0
0.491829,0.375049,1.0
0.350386,0.942205,0.0
0.552883,0.497159,1.0
0.137542,0.666705,0.0
0.426121,0.419727,1.0
0.979384,0.509626,0.0
0.414915,0.482424,1.0
0.013012,0.696556,0.0
0.309177,0.544893,1.0
0.811210,0.002523,0.0
0.463615,0.571804,1.0
0.541753,0.244446,0.0
0.461013,0.443716,1.0
0.568274,0.978872,0.0
0.658748,0.585492,1.0
0.666697,0.174483,0.0
0.515959,0.314613,1.0
0.000027,0.446455,0.0
0.529250,0.502242,1.0
0.696776,0.707058,0.0
0.510714,0.564053,1.0
0.837774,0.463471,0.0
0.522500,0.650404,1.0
0.106945,0.418169,0.0
0.366418,0.587588,1.0
0.747529,0.716615,0.0
0.306176,0.494965,1.0
0.949377,0.172592,0.0
0.599937,0.536108,1.0
0.652117,0.137193,0.0
0.622882,0.573325,1.0
0.417460,0.251775,0.0
0.534870,0.552409,1.0
0.613184,0.791106,0.0
0.474468,0.591063,1.0
0.744472,0.333229,0.0
0.532431,0.365025,1.0
0.183607,0.877097,0.0
0.446477,0.540998,1.0
0.118150,0.740054,0.0
0.335454,0.577842,1.0
0.208535,0.842569,0.0
0.324282,0.408298,1.0
0.802866,0.776158,0.0
0.503412,0.650026,1.0
0.234129,0.999280,0.0
0.659998,0.385366,1.0
0.857988,0.211639,0.0
0.455534,0.352519,1.0
0.715978,0.440073,0.0
0.424834,0.380586,1.0
0.040851,0.581086,0.0
0.427348,0.635157,1.0
0.467851,0.173019,0.0
0.421709,0.670968,1.0
0.127451,0.074707,0.0
0.540771,0.540736,1.0
0.128855,0.664824,0.0
0.579338,0.329726,1.0
0.018096,0.147556,0.0
0.374338,0.502115,1.0
0.346286,0.029732,0.0
0.581548,0.682437,1.0
0.048684,0.234697,0.0
0.520567,0.576475,1.0
0.798391,0.554552,0.0
0.441708,0.394249,1.0
0.119624,0.527825,0.0
0.464066,0.552043,1.0
0.223154,0.543754,0.0
0.443682,0.363204,1.0
0.658675,0.351444,0.0
0.584743,0.382847,1.0
0.042862,0.382322,0.0
0.575096,0.645389,1.0
0.394764,0.799773,0.0
0.616742,0.590879,1.0
0.020174,0.060919,0.0
0.645398,0.598264,1.0
0.296505,0.356477,0.0
0.422345,0.555705,1.0
0.096038,0.108862,0.0
0.558096,0.520344,1.0
0.312466,0.621507,0.0
0.568922,0.470932,1.0
0.149438,0.597647,0.0
0.563611,0.418041,1.0
0.769686,0.113006,0.0
0.419620,0.353241,1.0
0.052206,0.426811,0.0
0.466137,0.564889,1.0
0.964750,0.544927,0.0
0.535911,0.453348,1.0
0.307113,0.649778,0.0
0.546560,0.628429,1.0
0.764899,0.657304,0.0
0.485262,0.397587,1.0
0.366166,0.149214,0.0
0.637629,0.438643,1.0
0.749340,0.159532,0.0
0.401159,0.484323,1.0
0.794793,0.094292,0.0
0.605938,0.602483,1.0
0.862433,0.916188,0.0
0.451311,0.586014,1.0
0.598124,0.678232,0.0
0.317123,0.480566,1.0
0.925530,0.388425,0.0
0.401929,0.620288,1.0
0.691438,0.005323,0.0
0.482570,0.359971,1.0
0.816986,0.091052,0.0
0.426452,0.373353,1.0
0.126176,0.645083,0.0
0.662617,0.398149,1.0
0.984481,0.176281,0.0
0.605010,0.600910,1.0
0.380572,0.276856,0.0
0.346231,0.512468,1.0
0.378715,0.069506,0.0
0.462550,0.682192,1.0
0.748760,0.402460,0.0
0.357889,0.440188,1.0
0.098924,0.609530,0.0
0.447015,0.381340,1.0
0.706607,0.944198,0.0
0.629803,0.494206,1.0
0.049377,0.883481,0.0
0.563347,0.365582,1.0
0.721941,0.656865,0.0
0.610873,0.345277,1.0
0.421607,0.948278,0.0
0.583220,0.379118,1.0
0.354958,0.779424,0.0
0.611473,0.424319,1.0
0.590481,0.220300,0.0
0.532995,0.649796,1.0
0.686088,0.074509,0.0
0.410003,0.328776,1.0
0.106838,0.621595,0.0
0.356250,0.497936,1.0
0.775145,0.866198,0.0
0.374390,0.566387,1.0
0.904223,0.280268,0.0
0.482537,0.594678,1.0
0.643968,0.171208,0.0
0.494343,0.622009,1.0
0.009023,0.657599,0.0
0.407209,0.562193,1.0
0.684183,0.055643,0.0
0.375989,0.638733,1.0
0.702319,0.872721,0.0
0.631024,0.627650,1.0
0.031000,0.016867,0.0
0.490144,0.449856,1.0
0.574805,0.742589,0.0
0.578885,0.324624,1.0
0.638605,0.026241,0.0
0.402126,0.331290,1.0
0.712304,0.685105,0.0
0.523162,0.575682,1.0
0.831872,0.271942,0.0
0.509887,0.673130,1.0
0.996545,0.926931,0.0
0.674070,0.500142,1.0
0.464104,0.200299,0.0
0.469917,0.491863,1.0
0.024309,0.558084,0.0
0.387767,0.605303,1.0
0.072640,0.856582,0.0
0.526404,0.668819,1.0
0.855197,0.294207,0.0
0.592220,0.444954,1.0
0.623131,0.956899,0.0
0.537732,0.656913,1.0
0.764677,0.921637,0.0
0.566025,0.578976,1.0
0.858687,0.958816,0.0
0.626406,0.611639,1.0
0.311948,0.902705,0.0
0.604687,0.374340,1.0
0.775643,0.228345,0.0
0.615207,0.386923,1.0
0.306878,0.697218,0.0
0.535227,0.567093,1.0
0.587090,0.229376,0.0
0.451446,0.446482,1.0
0.825733,0.102019,0.0
0.550506,0.549999,1.0
0.347284,0.800366,0.0
0.508570,0.533365,1.0
0.231691,0.026946,0.0
0.650132,0.570738,1.0
0.740097,0.817192,0.0
0.518921,0.503191,1.0
0.181400,0.786571,0.0
0.660243,0.502114,1.0
0.337841,0.100458,0.0
0.462291,0.329040,1.0
0.192835,0.977735,0.0
0.616111,0.378463,1.0
0.837569,0.020917,0.0
0.522212,0.614143,1.0
0.508016,0.224517,0.0
0.485837,0.456726,1.0
0.239979,0.323765,0.0
0.507067,0.468392,1.0
0.413523,0.084480,0.0
0.641363,0.386813,1.0
0.644600,0.795293,0.0
0.492697,0.551423,1.0
0.179556,0.797671,0.0
0.480626,0.480715,1.0
0.207984,0.585563,0.0
0.523801,0.524987,1.0
0.403159,0.894005,0.0
0.513662,0.518093,1.0
0.741547,0.184718,0.0
0.522116,0.607327,1.0
0.107496,0.680794,0.0
0.323365,0.593440,1.0
0.624440,0.954756,0.0
0.536329,0.689267,1.0
0.012116,0.633832,0.0
0.626972,0.516749,1.0
0.263508,0.784193,0.0
0.434526,0.470271,1.0
0.669487,0.074525,0.0
0.519350,0.522137,1.0
0.645137,0.812053,0.0
0.366984,0.508104,1.0
0.996545,0.931893,0.0
0.432053,0.521652,1.0
0.248288,0.974727,0.0
0.397966,0.422378,1.0
0.005419,0.069261,0.0
0.325078,0.577987,1.0
0.635624,0.939552,0.0
0.677595,0.543262,1.0
0.269097,0.705398,0.0
0.550915,0.632878,1.0
0.695976,0.262639,0.0
0.371581,0.554349,1.0
0.129751,0.723424,0.0
0.533378,0.676268,1.0
0.857178,0.597552,0.0
0.541840,0.512124,1.0
0.926972,0.624499,0.0
0.599165,0.361540,1.0
0.763007,0.856935,0.0
0.500339,0.594715,1.0
0.193887,0.651696,0.0
0.655891,0.566512,1.0
0.185802,0.767369,0.0
0.467013,0.485738,1.0
0.262842,0.586013,0.0
0.345090,0.520107,1.0
0.344004,0.677674,0.0
0.564886,0.634800,1.0
0.453611,0.844103,0.0
0.531592,0.660824,1.0
0.935947,0.461167,0.0
0.631573,0.644195,1.0
0.223863,0.466571,0.0
0.560781,0.439901,1.0
0.308579,0.291759,0.0
0.534590,0.648999,1.0
0.083371,0.220513,0.0
0.362250,0.533281,1.0
0.899611,0.767186,0.0
0.516634,0.474917,1.0
0.834878,0.797831,0.0
0.359566,0.627574,1.0
0.826673,0.894880,0.0
0.402044,0.550831,1.0
0.283093,0.939808,0.0
0.444452,0.506851,1.0
0.930863,0.011638,0.0
0.542621,0.429091,1.0
0.075452,0.124048,0.0
0.599220,0.493319,1.0
0.801808,0.980638,0.0
0.533905,0.344039,1.0
0.425064,0.058311,0.0
0.310339,0.468551,1.0
0.095427,0.838787,0.0
0.499251,0.309145,1.0
0.263351,0.141886,0.0
0.567855,0.540060,1.0
0.713374,0.682052,0.0
0.401304,0.511574,1.0
0.829604,0.147224,0.0
0.457093,0.554853,1.0
0.270504,0.359050,0.0
0.518988,0.423470,1.0
0.906988,0.749805,0.0
0.686284,0.569419,1.0
0.321271,0.609377,0.0
0.467698,0.400281,1.0
0.170555,0.512607,0.0
0.452903,0.543857,1.0
0.270081,0.250421,0.0
0.564545,0.512080,1.0
0.088441,0.424997,0.0
0.584957,0.367002,1.0
0.261894,0.648887,0.0
0.639132,0.490114,1.0
0.110314,0.039744,0.0
0.345063,0.475572,1.0
0.109626,0.477527,0.0
0.620853,0.468822,1.0
0.726336,0.537164,0.0
0.432212,0.385194,1.0
0.326110,0.925181,0.0
0.506883,0.584305,1.0
0.777694,0.700872,0.0
0.519237,0.611276,1.0
0.031556,0.368227,0.0
0.618454,0.564272,1.0
0.060884,0.274513,0.0
0.595150,0.484951,1.0
0.182149,0.374644,0.0
0.558695,0.582560,1.0
0.668581,0.840631,0.0
0.491959,0.556392,1.0
0.960400,0.441473,0.0
0.446344,0.310388,1.0
0.497964,0.279830,0.0
0.387800,0.356871,1.0
0.583995,0.202694,0.0
0.569641,0.559536,1.0
0.055277,0.038093,0.0
0.390460,0.666734,1.0
0.229774,0.804429,0.0
0.578900,0.573722,1.0
0.100407,0.541728,0.0
0.630776,0.455074,1.0
0.837771,0.418336,0.0
0.471367,0.465068,1.0
0.734707,0.214242,0.0
0.607641,0.415727,1.0
0.572015,0.859342,0.0
0.431208,0.316679,1.0
0.799228,0.623476,0.0
0.603964,0.614626,1.0
0.814924,0.429581,0.0
0.568005,0.662971,1.0
0.148377,0.766815,0.0
0.641291,0.371334,1.0
0.256825,0.450476,0.0
0.358768,0.415957,1.0
0.210036,0.066801,0.0
0.588454,0.344829,1.0
0.881218,0.633325,0.0
0.418895,0.566294,1.0
0.018290,0.400774,0.0
0.625190,0.576197,1.0
0.120783,0.993930,0.0
0.346476,0.624117,1.0
0.583511,0.077255,0.0
0.472985,0.452187,1.0
0.525862,0.166237,0.0
0.680974,0.533880,1.0
0.055480,0.445037,0.0
0.493065,0.347920,1.0
0.469940,0.274669,0.0
0.443132,0.320935,1.0
0.619807,0.092807,0.0
0.622853,0.493446,1.0
0.121453,0.267541,0.0
0.526841,0.409587,1.0
0.627846,0.200351,0.0
0.418738,0.331081,1.0
0.928214,0.486289,0.0
0.427571,0.380322,1.0
0.938403,0.732515,0.0
0.454532,0.321599,1.0
0.528694,0.766090,0.0
0.570127,0.325842,1.0
0.819436,0.258702,0.0
0.426704,0.611483,1.0
0.720689,0.619060,0.0
0.515136,0.486339,1.0
0.493014,0.083623,0.0
0.483397,0.647162,1.0
0.865172,0.946048,0.0
0.390498,0.500197,1.0
0.769667,0.785770,0.0
0.476421,0.605348,1.0
0.972890,0.363080,0.0
0.417538,0.553092,1.0
0.273208,0.803606,0.0
0.384165,0.457803,1.0
0.282246,0.706836,0.0
0.616766,0.589210,1.0
0.888337,0.282115,0.0
0.502512,0.319579,1.0
0.663373,0.313444,0.0
0.320975,0.425577,1.0
0.420117,0.913202,0.0
0.373769,0.532600,1.0
0.267810,0.079950,0.0
0.589962,0.489984,1.0
0.665331,0.210491,0.0
0.591843,0.500417,1.0
0.039511,0.064105,0.0
0.482395,0.606959,1.0
0.902284,0.691837,0.0
0.414653,0.467203,1.0
0.885108,0.012333,0.0
0.305961,0.478200,1.0
0.765385,0.831329,0.0
0.551632,0.673049,1.0
0.733145,0.969883,0.0
0.328907,0.535036,1.0
0.258522,0.971675,0.0
0.480668,0.380559,1.0
0.422156,0.172445,0.0
0.454456,0.643637,1.0
0.294648,0.142514,0.0
0.557406,0.525735,1.0
0.189694,0.178700,0.0
0.304414,0.481030,1.0
0.196804,0.690990,0.0
0.652729,0.612282,1.0
0.569097,0.809287,0.0
0.384937,0.643051,1.0
0.732344,0.502853,0.0
0.583708,0.585051,1.0
0.452201,0.143736,0.0
0.405139,0.574132,1.0
0.181806,0.614178,0.0
0.401716,0.633272,1.0
0.115493,0.090117,0.0
0.562412,0.655726,1.0
0.746172,0.913846,0.0
0.727967,0.348062,1.0
0.405356,0.825592,0.0
0.623824,0.401991,1.0
0.615042,0.008255,0.0
0.457688,0.555390,1.0
0.316407,0.852548,0.0
0.398669,0.629339,1.0
0.721289,0.712047,0.0
0.664888,0.566238,1.0
0.071650,0.216554,0.0
0.468747,0.434343,1.0
0.875498,0.498666,0.0
0.549755,0.336991,1.0
0.974858,0.440346,0.0
0.357434,0.391327,1.0
0.469040,0.148895,0.0
0.630200,0.374657,1.0
0.394411,0.859285,0.0
0.704880,0.510374,1.0
0.177500,0.235391,0.0
0.543629,0.573437,1.0
0.890065,0.327376,0.0
0.379223,0.395731,1.0
0.551683,0.131025,0.0
0.445394,0.742946,1.0
0.914355,0.562246,0.0
0.441994,0.384995,1.0
0.975697,0.536881,0.0
0.488042,0.316513,1.0
0.778127,0.982792,0.0
0.564216,0.583361,1.0
0.867708,0.571124,0.0
0.598632,0.615127,1.0
0.834877,0.785489,0.0
0.391736,0.514166,1.0
0.956473,0.437717,0.0
0.575751,0.440173,1.0
0.229433,0.085584,0.0
0.581056,0.407739,1.0
0.935412,0.477567,0.0
0.487415,0.582993,1.0
0.618081,0.081466,0.0
0.770250,0.587953,1.0
0.810301,0.734193,0.0
0.340692,0.608583,1.0
0.787452,0.702432,0.0
0.519672,0.334945,1.0
0.437622,0.112676,0.0
0.448585,0.375307,1.0
0.487368,0.187112,0.0
0.323310,0.477348,1.0
0.169322,0.802719,0.0
0.581200,0.220780,1.0
0.571257,0.118561,0.0
0.499844,0.678966,1.0
0.099821,0.699623,0.0
0.550209,0.361528,1.0
0.320344,0.013684,0.0
0.576243,0.316039,1.0
0.369503,0.235935,0.0
0.622562,0.598435,1.0
0.045140,0.662190,0.0
0.411630,0.460408,1.0
0.826473,0.531350,0.0
0.653345,0.569818,1.0
0.490581,0.199461,0.0
0.624379,0.531047,1.0
0.054083,0.970617,0.0
0.586564,0.383756,1.0
0.080232,0.450881,0.0
0.382910,0.565265,1.0
0.372033,0.762242,0.0
0.384477,0.507017,1.0
0.174034,0.981251,0.0
0.469877,0.627298,1.0
0.286659,0.872696,0.0
0.372507,0.325428,1.0
0.872314,0.979355,0.0
0.517273,0.412629,1.0
0.574629,0.794067,0.0
0.620506,0.648241,1.0
0.914168,0.415803,0.0
0.555018,0.584781,1.0
0.595058,0.142780,0.0
0.402708,0.508654,1.0
0.294648,0.153729,0.0
0.470377,0.623990,1.0
0.958208,0.593635,0.0
0.465670,0.720496,1.0
0.010442,0.492345,0.0
0.333405,0.540239,1.0
0.144523,0.998209,0.0
0.551973,0.404518,1.0
0.069126,0.804411,0.0
0.585921,0.581702,1.0
0.215644,0.333978,0.0
0.427652,0.740485,1.0
0.966404,0.359757,0.0
0.432076,0.698491,1.0
0.350990,0.093256,0.0
0.693308,0.431999,1.0
0.904544,0.667705,0.0
0.663401,0.581168,1.0
0.420950,0.907486,0.0
0.602568,0.556217,1.0
0.424405,0.974239,0.0
0.590381,0.333224,1.0
0.207368,0.226283,0.0
0.587005,0.595904,1.0
0.834682,0.503517,0.0
0.559476,0.507957,1.0
0.859604,0.371997,0.0
0.260109,0.652344,1.0
0.012639,0.429622,0.0
0.569163,0.521069,1.0
0.716421,0.891254,0.0
0.536072,0.766460,1.0
0.820264,0.182251,0.0
0.673074,0.551515,1.0
0.885572,0.812429,0.0
0.653357,0.363030,1.0
0.585839,0.188644,0.0
0.703479,0.364421,1.0
0.087451,0.793415,0.0
0.497719,0.565521,1.0
0.803954,0.062134,0.0
0.367959,0.691888,1.0
0.957739,0.722147,0.0
0.233544,0.570536,1.0
0.034428,0.635904,0.0
0.765637,0.464358,1.0
0.793145,0.382582,0.0
0.565106,0.337744,1.0
0.363549,0.170396,0.0
0.514692,0.620070,1.0
0.924159,0.336637,0.0
0.653890,0.537148,1.0
0.069015,0.937328,0.0
0.474381,0.716255,1.0
0.143887,0.314643,0.0
0.407308,0.221019,1.0
0.524858,0.294542,0.0
0.446827,0.220151,1.0
0.629499,0.981356,0.0
0.412953,0.299629,1.0
0.254882,0.803692,0.0
0.552092,0.603723,1.0
0.037691,0.466437,0.0
0.414164,0.259391,1.0
0.606824,0.895025,0.0
0.559139,0.249891,1.0
0.110102,0.488967,0.0
0.525982,0.379823,1.0
0.953277,0.718505,0.0
0.685640,0.553931,1.0
0.963335,0.767509,0.0
0.788912,0.442401,1.0
0.858246,0.541758,0.0
0.537088,0.430080,1.0
0.283159,0.052225,0.0
0.794485,0.501712,1.0
0.132730,0.792253,0.0
0.485578,0.511761,1.0
0.163906,0.765319,0.0
0.415831,0.678913,1.0
0.781856,0.660450,0.0
0.357357,0.703319,1.0
0.342895,0.042470,0.0
0.723220,0.353685,1.0
0.716844,0.999765,0.0
0.497209,0.385984,1.0
0.297500,0.090060,0.0
0.587279,0.391432,1.0
0.938406,0.785923,0.0
0.382829,0.414317,1.0
0.852805,0.097066,0.0
0.666425,0.405294,1.0
0.814083,0.286228,0.0
0.464754,0.327175,1.0
0.025437,0.512024,0.0
0.675316,0.441297,1.0
0.897507,0.392428,0.0
0.567175,0.302630,1.0
0.080771,0.520094,0.0
0.299507,0.412001,1.0
0.715069,0.157600,0.0
0.346921,0.508847,1.0
0.904819,0.286257,0.0
0.724584,0.477009,1.0
0.148700,0.205719,0.0
0.244743,0.398843,1.0
0.957622,0.757752,0.0
0.432111,0.686238,1.0
0.935537,0.578368,0.0
0.549652,0.396677,1.0
0.842005,0.573604,0.0
0.529654,0.297475,1.0
0.950685,0.166302,0.0
0.694623,0.335827,1.0
0.117992,0.087236,0.0
0.482119,0.571081,1.0
0.873867,0.074677,0.0
0.652213,0.340131,1.0
0.038005,0.752899,0.0
0.529085,0.534518,1.0
0.530495,0.027850,0.0
0.549934,0.334512,1.0
0.464456,0.112667,0.0
0.485280,0.306889,1.0
0.433036,0.033614,0.0
0.556101,0.792561,1.0
0.162366,0.886256,0.0
0.413032,0.433031,1.0
0.164146,0.801902,0.0
0.589959,0.440468,1.0
0.704511,0.721021,0.0
0.758967,0.553835,1.0
0.371450,0.965772,0.0
0.636510,0.430198,1.0
0.222511,0.746848,0.0
0.365876,0.471081,1.0
0.784802,0.173811,0.0
0.340744,0.479250,1.0
0.241640,0.238648,0.0
0.392309,0.729300,1.0
0.987379,0.874628,0.0
0.719765,0.490396,1.0
0.321947,0.968201,0.0
0.533400,0.252594,1.0
0.242230,0.153358,0.0
0.494720,0.557348,1.0
0.901739,0.532606,0.0
0.505494,0.441967,1.0
0.892108,0.657619,0.0
0.563847,0.772897,1.0
0.791498,0.711397,0.0
0.468209,0.791103,1.0
0.770390,0.946485,0.0
0.539756,0.281520,1.0
0.510324,0.022546,0.0
0.257311,0.433909,1.0
0.183133,0.908037,0.0
0.428658,0.250439,1.0
0.877021,0.090369,0.0
0.703053,0.416568,1.0
0.843885,0.183378,0.0
0.424172,0.457150,1.0
0.204805,0.156005,0.0
0.397361,0.452322,1.0
0.947543,0.348405,0.0
0.363762,0.344946,1.0
0.176014,0.274172,0.0
0.292478,0.470949,1.0
0.725829,0.003636,0.0
0.263552,0.316323,1.0
0.161241,0.982216,0.0
0.505977,0.751735,1.0
0.019911,0.649946,0.0
0.583967,0.538189,1.0
0.032612,0.105386,0.0
0.300502,0.337146,1.0
0.692523,0.235973,0.0
0.758292,0.620404,1.0
0.217252,0.347858,0.0
0.470764,0.524769,1.0
0.248580,0.881931,0.0
0.573153,0.586045,1.0
0.765986,0.922023,0.0
0.465893,0.255642,1.0
0.493615,0.193657,0.0
0.639507,0.387390,1.0
0.101135,0.769162,0.0
0.387075,0.377332,1.0
0.367580,0.918500,0.0
0.341045,0.735035,1.0
0.670611,0.951157,0.0
0.254671,0.459973,1.0
0.740864,0.700312,0.0
0.281904,0.364480,1.0
0.651744,0.866972,0.0
0.322177,0.433850,1.0
0.931700,0.084029,0.0
0.370058,0.564097,1.0
0.952760,0.041691,0.0
0.619416,0.527105,1.0
0.744969,0.688927,0.0
0.595132,0.376306,1.0
0.638129,0.034282,0.0
0.302767,0.607402,1.0
0.003900,0.551603,0.0
0.672507,0.619340,1.0
0.937476,0.156507,0.0
0.443911,0.418511,1.0
0.870741,0.541261,0.0
0.761063,0.383457,1.0
0.930735,0.870735,0.0
0.466763,0.492104,1.0
0.593609,0.789154,0.0
0.382851,0.770889,1.0
0.560123,0.987341,0.0
0.341710,0.523802,1.0
0.224230,0.628044,0.0
0.522776,0.504418,1.0
0.804054,0.734550,0.0
0.552731,0.548739,1.0
0.766505,0.647251,0.0
0.407759,0.611711,1.0
0.721122,0.904870,0.0
0.271385,0.572429,1.0
0.352779,0.159521,0.0
0.691134,0.483795,1.0
0.572332,0.186392,0.0
0.614287,0.714047,1.0
0.303572,0.130349,0.0
0.664419,0.288741,1.0
0.218302,0.009618,0.0
0.587743,0.389764,1.0
0.949614,0.163164,0.0
0.373737,0.606075,1.0
0.850584,0.758343,0.0
0.481282,0.301150,1.0
0.278499,0.738311,0.0
0.325010,0.646884,1.0
0.957242,0.372561,0.0
0.581529,0.350664,1.0
0.348367,0.999570,0.0
0.667217,0.520564,1.0
0.878355,0.510186,0.0
0.616859,0.741667,1.0
0.989213,0.704081,0.0
0.497576,0.554157,1.0
0.521926,0.006088,0.0
0.387602,0.223020,1.0
0.834466,0.865711,0.0
0.510484,0.304869,1.0
0.011073,0.103235,0.0
0.492205,0.283054,1.0
0.491696,0.928964,0.0
0.261447,0.340633,1.0
0.372577,0.900631,0.0
0.329740,0.331834,1.0
0.897317,0.203973,0.0
0.301949,0.655580,1.0
0.565954,0.986632,0.0
0.396332,0.554296,1.0
0.402222,0.137324,0.0
0.311408,0.641804,1.0
0.671454,0.133555,0.0
0.597888,0.503479,1.0
0.945439,0.990614,0.0
0.350711,0.596415,1.0
0.400083,0.189065,0.0
0.566382,0.777039,1.0
0.810394,0.299686,0.0
0.688986,0.393871,1.0
0.755575,0.942924,0.0
0.631208,0.710389,1.0
0.837951,0.448988,0.0
0.748472,0.562074,1.0
0.307894,0.781674,0.0
0.555325,0.342352,1.0
0.507354,0.099795,0.0
0.362908,0.393243,1.0
0.048708,0.640502,0.0
0.750363,0.549650,1.0
0.266381,0.068579,0.0
0.564225,0.527611,1.0
0.934059,0.725764,0.0
0.692994,0.549796,1.0
0.365614,0.878950,0.0
0.510715,0.585750,1.0
0.105550,0.981762,0.0
0.483073,0.401014,1.0
0.746878,0.782425,0.0
0.335221,0.663548,1.0
0.945994,0.327457,0.0
0.541618,0.379316,1.0
0.945970,0.918740,0.0
0.362872,0.393272,1.0
0.860131,0.215301,0.0
0.539520,0.506676,1.0
0.098761,0.882134,0.0
0.583660,0.773100,1.0
0.617055,0.839638,0.0
0.371418,0.627451,1.0
0.484145,0.029928,0.0
0.324639,0.407118,1.0
0.728198,0.820876,0.0
0.481059,0.764563,1.0
0.443624,0.995554,0.0
0.362483,0.455134,1.0
0.769035,0.170693,0.0
0.707097,0.584936,1.0
0.132325,0.984776,0.0
0.603442,0.253857,1.0
0.766291,0.048115,0.0
0.601411,0.319911,1.0
0.909004,0.637099,0.0
0.634759,0.401151,1.0
0.326644,0.908640,0.0
0.505783,0.501090,1.0
0.038372,0.910499,0.0
0.653194,0.623413,1.0
0.162083,0.132855,0.0
0.782773,0.466424,1.0
0.993854,0.703274,0.0
0.755782,0.424846,1.0
0.301302,0.978654,0.0
0.338774,0.368397,1.0
0.091178,0.422745,0.0
0.246968,0.593088,1.0
0.042442,0.331069,0.0
0.362359,0.762070,1.0
0.104383,0.362729,0.0
0.431600,0.495092,1.0
0.017274,0.330422,0.0
0.441506,0.792367,1.0
0.182590,0.791092,0.0
0.728090,0.613181,1.0
0.879693,0.002741,0.0
0.345562,0.465324,1.0
0.154711,0.229808,0.0
0.428388,0.509096,1.0
0.287494,0.916459,0.0
0.751933,0.540406,1.0
0.728141,0.868165,0.0
0.345166,0.409677,1.0
0.322914,0.207377,0.0
0.571467,0.446029,1.0
0.694647,0.928146,0.0
0.408545,0.621959,1.0
0.774424,0.752426,0.0
0.214652,0.448516,1.0
0.350280,0.158692,0.0
0.286013,0.424430,1.0
0.652229,0.004808,0.0
0.680676,0.522171,1.0
0.557091,0.030406,0.0
0.693129,0.410815,1.0
0.284454,0.819166,0.0
0.633067,0.761997,1.0
0.209480,0.737252,0.0
0.426364,0.695189,1.0
0.079809,0.345853,0.0
0.649795,0.509849,1.0
0.215991,0.154215,0.0
0.729965,0.317894,1.0
0.396436,0.891853,0.0
0.422088,0.229496,1.0
0.224802,0.241627,0.0
0.219397,0.409835,1.0
0.815338,0.385736,0.0
0.243352,0.419141,1.0
0.649666,0.931970,0.0
0.567547,0.559502,1.0
0.247593,0.302645,0.0
0.529984,0.437681,1.0
0.830321,0.199496,0.0
0.758208,0.405370,1.0
0.751710,0.995673,0.0
0.700198,0.429376,1.0
0.199352,0.510880,0.0
0.413506,0.593355,1.0
0.517940,0.017094,0.0
0.376993,0.719595,1.0
0.729881,0.104874,0.0
0.569818,0.329966,1.0
0.929626,0.227697,0.0
0.215367,0.479216,1.0
0.295041,0.749761,0.0
0.343996,0.541440,1.0
0.884608,0.608002,0.0
0.614711,0.641862,1.0
0.301421,0.982541,0.0
0.536707,0.640504,1.0
0.246906,0.744514,0.0
0.560686,0.452425,1.0
0.843753,0.959210,0.0
0.463646,0.294141,1.0
0.051279,0.840151,0.0
0.447561,0.556140,1.0
0.083966,0.223888,0.0
0.733719,0.409182,1.0
0.528181,0.137659,0.0
0.578942,0.678669,1.0
0.304693,0.969265,0.0
0.461704,0.658280,1.0
0.185977,0.718607,0.0
0.576432,0.488999,1.0
0.337129,0.129134,0.0
0.418073,0.555978,1.0
0.753442,0.092572,0.0
0.717525,0.637040,1.0
0.216198,0.638600,0.0
0.488192,0.635833,1.0
0.408451,0.829789,0.0
0.358558,0.484260,1.0
0.956154,0.073234,0.0
0.707926,0.706488,1.0
0.501634,0.964980,0.0
0.449425,0.687268,1.0
0.174832,0.406660,0.0
0.641355,0.250174,1.0
0.465097,0.885797,0.0
0.557638,0.228056,1.0
0.881793,0.302045,0.0
0.485194,0.648555,1.0
0.767219,0.644175,0.0
0.589186,0.650299,1.0
0.628596,0.811590,0.0
0.436897,0.722342,1.0
0.660492,0.891776,0.0
0.243544,0.644945,1.0
0.888202,0.011427,0.0
0.660098,0.270983,1.0
0.930444,0.973251,0.0
0.462520,0.566712,1.0
0.160458,0.820799,0.0
0.300482,0.606495,1.0
0.590709,0.042816,0.0
0.566770,0.708757,1.0
0.138341,0.101067,0.0
0.582247,0.422443,1.0
0.985698,0.625997,0.0
0.282565,0.673263,1.0
0.887989,0.434361,0.0
0.387505,0.398407,1.0
0.705902,0.092391,0.0
0.688305,0.341199,1.0
0.207779,0.148910,0.0
0.642965,0.318937,1.0
0.927928,0.689718,0.0
0.613021,0.442440,1.0
0.145524,0.825732,0.0
0.249669,0.383829,1.0
0.347116,0.985260,0.0
0.355098,0.524913,1.0
0.362222,0.871951,0.0
0.792414,0.503749,1.0
0.514125,0.897083,0.0
0.360888,0.642213,1.0
0.132006,0.625160,0.0
0.243385,0.371078,1.0
0.182311,0.094073,0.0
0.576241,0.288144,1.0
0.050757,0.072919,0.0
0.527709,0.599812,1.0
0.086700,0.169794,0.0
0.638987,0.653481,1.0
0.759758,0.251042,0.0
0.352774,0.477283,1.0
0.170235,0.131375,0.0
0.515806,0.345971,1.0
0.895933,0.945365,0.0
0.650677,0.330238,1.0
0.179000,0.458543,0.0
0.634611,0.306120,1.0
0.752049,0.692386,0.0
0.755100,0.371530,1.0
0.848358,0.351186,0.0
0.427353,0.528113,1.0
0.001519,0.533835,0.0
0.298274,0.699361,1.0
0.942755,0.889979,0.0
0.568704,0.209961,1.0
0.026030,0.484392,0.0
0.302666,0.709604,1.0
0.858908,0.669337,0.0
0.523438,0.224227,1.0
0.758212,0.267409,0.0
0.410644,0.488476,1.0
0.687097,0.042727,0.0
0.596485,0.327191,1.0
0.830197,0.127496,0.0
0.696252,0.713392,1.0
0.963884,0.000637,0.0
0.626255,0.272458,1.0
0.661451,0.998788,0.0
0.576941,0.644772,1.0
0.792513,0.759358,0.0
0.516722,0.740936,1.0
0.510555,0.902257,0.0
0.338589,0.263670,1.0
0.287857,0.006321,0.0
0.586085,0.734437,1.0
0.480633,0.995217,0.0
0.572297,0.600062,1.0
0.199847,0.834450,0.0
0.564878,0.696980,1.0
0.739464,0.179630,0.0
0.226008,0.519246,1.0
0.617290,0.797581,0.0
0.423058,0.336173,1.0
0.427143,0.994245,0.0
0.361937,0.277395,1.0
0.953067,0.190691,0.0
0.761598,0.385441,1.0
0.920506,0.936305,0.0
0.482743,0.269858,1.0
0.833140,0.585071,0.0
0.368077,0.262443,1.0
0.133705,0.175145,0.0
0.598104,0.537969,1.0
0.088857,0.420308,0.0
0.297654,0.470167,1.0
0.829103,0.738440,0.0
0.774205,0.460205,1.0
0.771713,0.182131,0.0
0.217119,0.513175,1.0
0.928955,0.946933,0.0
0.262814,0.510348,1.0
0.357111,0.957465,0.0
0.273206,0.576732,1.0
0.893258,0.994918,0.0
0.556941,0.510586,1.0
0.033653,0.608388,0.0
0.306251,0.355027,1.0
0.249433,0.228136,0.0
0.367913,0.521187,1.0
0.976809,0.234234,0.0
0.661547,0.618161,1.0
0.164358,0.360013,0.0
0.638398,0.351900,1.0
0.968906,0.402293,0.0
0.403010,0.597161,1.0
0.143698,0.135893,0.0
0.773420,0.466073,1.0
0.156100,0.572040,0.0
0.368419,0.620159,1.0
0.351107,0.062480,0.0
0.260998,0.591616,1.0
0.829745,0.517855,0.0
0.550024,0.653624,1.0
0.771414,0.153564,0.0
0.239793,0.601413,1.0
0.098620,0.505610,0.0
0.672936,0.635668,1.0
0.774974,0.986923,0.0
0.363554,0.446136,1.0
0.387821,0.099279,0.0
0.546559,0.615036,1.0
0.842238,0.492556,0.0
0.437595,0.464431,1.0
0.161256,0.224137,0.0
0.244072,0.517648,1.0
0.844189,0.287634,0.0
0.360392,0.707647,1.0
0.027209,0.294850,0.0
0.523795,0.225872,1.0
0.712089,0.075200,0.0
0.730796,0.493969,1.0
0.552992,0.144590,0.0
0.591786,0.539256,1.0
0.112696,0.074596,0.0
0.644190,0.498441,1.0
0.824496,0.309844,0.0
0.531311,0.539851,1.0
0.797505,0.670543,0.0
0.688490,0.447677,1.0
0.847685,0.049361,0.0
0.563119,0.541540,1.0
0.105513,0.349305,0.0
0.662954,0.267999,1.0
0.771067,0.329203,0.0
0.487028,0.284644,1.0
0.012921,0.158276,0.0
0.283488,0.578331,1.0
0.669130,0.069243,0.0
0.631018,0.516568,1.0
0.385378,0.041042,0.0
0.676503,0.578684,1.0
0.136639,0.498325,0.0
0.409790,0.534265,1.0
0.318612,0.915815,0.0
0.260495,0.542326,1.0
0.125245,0.993917,0.0
0.661610,0.486592,1.0
0.909311,0.787672,0.0
0.440399,0.785489,1.0
0.774134,0.862980,0.0
0.263993,0.527123,1.0
0.266862,0.154792,0.0
0.548773,0.632309,1.0
0.880651,0.105519,0.0
0.474216,0.354624,1.0
0.572197,0.908058,0.0
0.634983,0.554840,1.0
0.565300,0.989676,0.0
0.485897,0.477555,1.0
0.769365,0.719840,0.0
0.397398,0.474786,1.0
0.202125,0.123099,0.0
0.707479,0.400861,1.0
0.100823,0.525088,0.0
0.292263,0.462924,1.0
0.929385,0.165538,0.0
0.316614,0.531525,1.0
0.813765,0.947385,0.0
0.615004,0.775438,1.0
0.979316,0.357804,0.0
0.564759,0.505750,1.0
0.361573,0.961976,0.0
0.759859,0.555130,1.0
0.786155,0.911761,0.0
0.782279,0.564794,1.0
0.495103,0.188693,0.0
0.419407,0.777281,1.0
0.610813,0.930719,0.0
0.554655,0.480738,1.0
0.953073,0.304001,0.0
0.404057,0.777753,1.0
0.837972,0.789553,0.0
0.390132,0.756889,1.0
0.390362,0.820353,0.0
0.601233,0.315618,1.0
0.856806,0.340112,0.0
0.354852,0.592468,1.0
0.831850,0.901363,0.0
0.747679,0.438944,1.0
0.217703,0.937777,0.0
0.331856,0.509290,1.0
0.239971,0.186201,0.0
0.486779,0.287739,1.0
0.207789,0.313812,0.0
0.343683,0.681420,1.0
0.384709,0.812542,0.0
0.438790,0.751869,1.0
0.777578,0.756629,0.0
0.600611,0.675704,1.0
0.248484,0.265575,0.0
0.510290,0.645819,1.0
0.130190,0.102782,0.0
0.475568,0.265570,1.0
0.728167,0.301432,0.0
0.304337,0.596059,1.0
0.284301,0.242631,0.0
0.742081,0.558399,1.0
0.340682,0.843471,0.0
0.551003,0.301824,1.0
0.977128,0.582329,0.0
0.317605,0.382772,1.0
0.736549,0.182238,0.0
0.569946,0.682320,1.0
0.948075,0.296011,0.0
0.237747,0.421674,1.0
0.457360,0.844489,0.0
0.398728,0.614171,1.0
0.193325,0.217039,0.0
0.665119,0.659818,1.0
0.267753,0.123310,0.0
0.479868,0.541768,1.0
0.627108,0.805918,0.0
0.633134,0.679288,1.0
0.211319,0.644351,0.0
0.567353,0.298841,1.0
0.695952,0.857046,0.0
0.418771,0.287394,1.0
0.045314,0.594112,0.0
0.345543,0.740288,1.0
0.261916,0.028724,0.0
0.662781,0.361032,1.0
0.777166,0.832077,0.0
0.629477,0.416426,1.0
0.559944,0.983854,0.0
0.582150,0.597918,1.0
0.356352,0.209179,0.0
0.599492,0.458133,1.0
0.738520,0.302337,0.0
0.430906,0.235869,1.0
0.763858,0.165181,0.0
0.456015,0.438595,1.0
0.789016,0.999369,0.0
0.434828,0.753671,1.0
0.252581,0.122128,0.0
0.564794,0.487886,1.0
0.163855,0.912879,0.0
0.655867,0.550179,1.0
0.084469,0.665911,0.0
0.779744,0.564738,1.0
0.914082,0.977035,0.0
0.341389,0.528542,1.0
0.014080,0.648713,0.0
0.391050,0.573661,1.0
0.866473,0.808361,0.0
0.271872,0.351681,1.0
0.845234,0.843800,0.0
0.328214,0.494710,1.0
0.319144,0.855524,0.0
0.678212,0.516708,1.0
0.531685,0.034688,0.0
0.515886,0.502232,1.0
0.034518,0.141337,0.0
0.474909,0.589324,1.0
0.628073,0.025731,0.0
0.481083,0.561614,1.0
0.398345,0.989358,0.0
0.288127,0.557928,1.0
0.145846,0.235702,0.0
0.468379,0.637846,1.0
0.792158,0.805354,0.0
0.546252,0.251261,1.0
0.918893,0.833189,0.0
0.441483,0.409878,1.0
0.035132,0.470783,0.0
0.470573,0.319307,1.0
0.997089,0.077616,0.0
0.497316,0.386197,1.0
0.702151,0.047488,0.0
0.279774,0.565683,1.0
0.378527,0.904600,0.0
0.570588,0.671406,1.0
0.879527,0.212343,0.0
0.225121,0.606148,1.0
0.884336,0.036432,0.0
0.387334,0.519929,1.0
0.751761,0.852755,0.0
0.347255,0.706863,1.0
0.073030,0.410751,0.0
0.495246,0.399382,1.0
0.032226,0.618876,0.0
0.466558,0.641061,1.0
0.843678,0.694077,0.0
0.413574,0.533941,1.0
0.257453,0.016223,0.0
0.596079,0.698814,1.0
0.602485,0.959885,0.0
0.669741,0.342686,1.0
0.871636,0.589460,0.0
0.361064,0.602797,1.0
0.024372,0.623855,0.0
0.691060,0.444408,1.0
0.277756,0.251284,0.0
0.395935,0.481223,1.0
0.293850,0.730324,0.0
0.529656,0.321184,1.0
0.577557,0.001957,0.0
0.635159,0.519810,1.0
0.412328,0.993932,0.0
0.206298,0.451989,1.0
0.024784,0.546263,0.0
0.229292,0.504264,1.0
0.942819,0.963303,0.0
0.344087,0.272142,1.0
0.810899,0.781075,0.0
0.516057,0.366289,1.0
0.036111,0.917029,0.0
0.507226,0.746749,1.0
0.921125,0.349352,0.0
0.530400,0.225472,1.0
0.229211,0.342302,0.0
0.242249,0.486489,1.0
0.039100,0.145399,0.0
0.636335,0.476620,1.0
0.584525,0.111293,0.0
0.504554,0.244993,1.0
0.088764,0.862579,0.0
0.415814,0.390359,1.0
0.068493,0.166207,0.0
0.463533,0.796546,1.0
0.019894,0.353342,0.0
0.572510,0.579889,1.0
0.324853,0.797639,0.0
0.566667,0.777295,1.0
0.998946,0.284246,0.0
0.395501,0.382334,1.0
0.478678,0.146928,0.0
0.454248,0.740496,1.0
0.184626,0.014341,0.0
0.218080,0.478639,1.0
0.139020,0.504471,0.0
0.583853,0.409902,1.0
0.401089,0.099783,0.0
0.226902,0.549914,1.0
0.811407,0.318979,0.0
0.243748,0.474327,1.0
0.041764,0.928448,0.0
0.453020,0.510930,1.0
0.736821,0.756180,0.0
0.269374,0.363580,1.0
0.137226,0.362125,0.0
0.343185,0.714335,1.0
0.380729,0.915375,0.0
0.627903,0.358792,1.0
0.014991,0.953789,0.0
0.399319,0.360484,1.0
0.634154,0.224848,0.0
0.215042,0.415721,1.0
0.709292,0.069494,0.0
0.790702,0.526210,1.0
0.672451,0.888520,0.0
0.418296,0.695444,1.0
0.200615,0.739319,0.0
0.644508,0.452988,1.0
0.602022,0.191031,0.0
0.599578,0.715477,1.0
0.994636,0.839146,0.0
0.517026,0.448867,1.0
0.186524,0.903133,0.0
0.774280,0.517431,1.0
0.778346,0.661858,0.0
0.628591,0.523741,1.0
0.832498,0.791944,0.0
0.547384,0.677308,1.0
0.180499,0.650310,0.0
0.659622,0.660391,1.0
0.313500,0.001165,0.0
0.552618,0.445091,1.0
0.251985,0.110277,0.0
0.451195,0.436288,1.0
0.817193,0.555489,0.0
0.266524,0.473558,1.0
0.817880,0.109276,0.0
0.558668,0.729129,1.0
0.140163,0.711148,0.0
0.357536,0.715895,1.0
0.073220,0.608300,0.0
0.621403,0.319007,1.0
0.529842,0.048996,0.0
0.485708,0.302259,1.0
0.961559,0.919498,0.0
0.557623,0.566395,1.0
0.572672,0.891588,0.0
0.602629,0.385297,1.0
0.475743,0.819553,0.0
0.340010,0.741529,1.0
0.118400,0.955595,0.0
0.609246,0.593668,1.0
0.305043,0.857958,0.0
0.622469,0.232106,1.0
0.342289,0.845079,0.0
0.344891,0.590398,1.0
0.188140,0.075935,0.0
0.343019,0.323284,1.0
0.292910,0.934519,0.0
0.477423,0.255377,1.0
0.189299,0.542033,0.0
0.586703,0.309827,1.0
0.421263,0.166759,0.0
0.631148,0.300421,1.0
0.953553,0.367501,0.0
0.555008,0.422465,1.0
0.442320,0.069299,0.0
0.628121,0.426458,1.0
0.242399,0.003331,0.0
0.408368,0.633266,1.0
0.024468,0.236346,0.0
0.358032,0.645310,1.0
0.881064,0.039573,0.0
0.266670,0.524087,1.0
0.207236,0.013479,0.0
0.527045,0.237816,1.0
0.297491,0.923007,0.0
0.459193,0.452475,1.0
0.910343,0.141753,0.0
0.470339,0.583265,1.0
0.891530,0.940947,0.0
0.497779,0.367498,1.0
0.893211,0.203133,0.0
0.229048,0.609681,1.0
0.858457,0.079746,0.0
0.377098,0.680960,1.0
0.611647,0.945226,0.0
0.448693,0.377021,1.0
0.654006,0.875155,0.0
0.642770,0.633318,1.0
0.951444,0.918963,0.0
0.526947,0.400303,1.0
0.834623,0.501867,0.0
0.723898,0.354280,1.0
